zip,Zipcode name,City,State,County Name
12404,"ACCORD, NY",ACCORD,NY,ULSTER
12405,"ACRA, NY",ACRA,NY,GREENE
13605,"ADAMS, NY",ADAMS,NY,JEFFERSON
14410,"ADAMS BASIN, NY",ADAMS BASIN,NY,MONROE
13606,"ADAMS CENTER, NY",ADAMS CENTER,NY,JEFFERSON
14801,"ADDISON, NY",ADDISON,NY,STEUBEN
12808,"ADIRONDACK, NY",ADIRONDACK,NY,WARREN
13730,"AFTON, NY",AFTON,NY,CHENANGO
14001,"AKRON, NY",AKRON,NY,ERIE
12201,"ALBANY, NY",ALBANY,NY,ALBANY
12202,"ALBANY, NY",ALBANY,NY,ALBANY
12203,"ALBANY, NY",ALBANY,NY,ALBANY
12204,"ALBANY, NY",ALBANY,NY,ALBANY
12205,"ALBANY, NY",ALBANY,NY,ALBANY
12206,"ALBANY, NY",ALBANY,NY,ALBANY
12207,"ALBANY, NY",ALBANY,NY,ALBANY
12208,"ALBANY, NY",ALBANY,NY,ALBANY
12209,"ALBANY, NY",ALBANY,NY,ALBANY
12210,"ALBANY, NY",ALBANY,NY,ALBANY
12211,"ALBANY, NY",ALBANY,NY,ALBANY
12212,"ALBANY, NY",ALBANY,NY,ALBANY
12220,"ALBANY, NY",ALBANY,NY,ALBANY
12222,"ALBANY, NY",ALBANY,NY,ALBANY
12223,"ALBANY, NY",ALBANY,NY,ALBANY
12224,"ALBANY, NY",ALBANY,NY,ALBANY
12226,"ALBANY, NY",ALBANY,NY,ALBANY
12227,"ALBANY, NY",ALBANY,NY,ALBANY
12228,"ALBANY, NY",ALBANY,NY,ALBANY
12230,"ALBANY, NY",ALBANY,NY,ALBANY
12231,"ALBANY, NY",ALBANY,NY,ALBANY
12233,"ALBANY, NY",ALBANY,NY,ALBANY
12234,"ALBANY, NY",ALBANY,NY,ALBANY
12237,"ALBANY, NY",ALBANY,NY,ALBANY
12240,"ALBANY, NY",ALBANY,NY,ALBANY
12242,"ALBANY, NY",ALBANY,NY,ALBANY
12243,"ALBANY, NY",ALBANY,NY,ALBANY
12246,"ALBANY, NY",ALBANY,NY,ALBANY
12247,"ALBANY, NY",ALBANY,NY,ALBANY
12250,"ALBANY, NY",ALBANY,NY,ALBANY
12256,"ALBANY, NY",ALBANY,NY,ALBANY
12260,"ALBANY, NY",ALBANY,NY,ALBANY
11507,"ALBERTSON, NY",ALBERTSON,NY,NASSAU
14411,"ALBION, NY",ALBION,NY,ORLEANS
12007,"ALCOVE, NY",ALCOVE,NY,ALBANY
14004,"ALDEN, NY",ALDEN,NY,ERIE
13301,"ALDER CREEK, NY",ALDER CREEK,NY,ONEIDA
14005,"ALEXANDER, NY",ALEXANDER,NY,GENESEE
13607,"ALEXANDRIA BAY, NY",ALEXANDRIA BAY,NY,JEFFERSON
14802,"ALFRED, NY",ALFRED,NY,ALLEGANY
14803,"ALFRED STATION, NY",ALFRED STATION,NY,ALLEGANY
14706,"ALLEGANY, NY",ALLEGANY,NY,CATTARAUGUS
14804,"ALMOND, NY",ALMOND,NY,ALLEGANY
14805,"ALPINE, NY",ALPINE,NY,SCHUYLER
12008,"ALPLAUS, NY",ALPLAUS,NY,SCHENECTADY
12009,"ALTAMONT, NY",ALTAMONT,NY,ALBANY
13302,"ALTMAR, NY",ALTMAR,NY,OSWEGO
14413,"ALTON, NY",ALTON,NY,WAYNE
12910,"ALTONA, NY",ALTONA,NY,CLINTON
11930,"AMAGANSETT, NY",AMAGANSETT,NY,SUFFOLK
10501,"AMAWALK, NY",AMAWALK,NY,WESTCHESTER
12501,"AMENIA, NY",AMENIA,NY,DUTCHESS
11701,"AMITYVILLE, NY",AMITYVILLE,NY,SUFFOLK
12010,"AMSTERDAM, NY",AMSTERDAM,NY,MONTGOMERY
12502,"ANCRAM, NY",ANCRAM,NY,COLUMBIA
12503,"ANCRAMDALE, NY",ANCRAMDALE,NY,COLUMBIA
13731,"ANDES, NY",ANDES,NY,DELAWARE
14806,"ANDOVER, NY",ANDOVER,NY,ALLEGANY
14709,"ANGELICA, NY",ANGELICA,NY,ALLEGANY
14006,"ANGOLA, NY",ANGOLA,NY,ERIE
12504,"ANNANDALE ON HUDSON, NY",ANNANDALE ON HUDSON,NY,DUTCHESS
13608,"ANTWERP, NY",ANTWERP,NY,JEFFERSON
13732,"APALACHIN, NY",APALACHIN,NY,TIOGA
14008,"APPLETON, NY",APPLETON,NY,NIAGARA
13020,"APULIA STATION, NY",APULIA STATION,NY,ONONDAGA
11931,"AQUEBOGUE, NY",AQUEBOGUE,NY,SUFFOLK
14009,"ARCADE, NY",ARCADE,NY,WYOMING
10910,"ARDEN, NY",ARDEN,NY,ORANGE
10502,"ARDSLEY, NY",ARDSLEY,NY,WESTCHESTER
10503,"ARDSLEY ON HUDSON, NY",ARDSLEY ON HUDSON,NY,WESTCHESTER
12809,"ARGYLE, NY",ARGYLE,NY,WASHINGTON
14807,"ARKPORT, NY",ARKPORT,NY,STEUBEN
12406,"ARKVILLE, NY",ARKVILLE,NY,DELAWARE
10504,"ARMONK, NY",ARMONK,NY,WESTCHESTER
11692,"ARVERNE, NY",ARVERNE,NY,QUEENS
12407,"ASHLAND, NY",ASHLAND,NY,GREENE
14710,"ASHVILLE, NY",ASHVILLE,NY,CHAUTAUQUA
11102,"ASTORIA, NY",ASTORIA,NY,QUEENS
11103,"ASTORIA, NY",ASTORIA,NY,QUEENS
11105,"ASTORIA, NY",ASTORIA,NY,QUEENS
11106,"ASTORIA, NY",ASTORIA,NY,QUEENS
12015,"ATHENS, NY",ATHENS,NY,GREENE
12810,"ATHOL, NY",ATHOL,NY,WARREN
14010,"ATHOL SPRINGS, NY",ATHOL SPRINGS,NY,ERIE
14808,"ATLANTA, NY",ATLANTA,NY,STEUBEN
11509,"ATLANTIC BEACH, NY",ATLANTIC BEACH,NY,NASSAU
14011,"ATTICA, NY",ATTICA,NY,WYOMING
12912,"AU SABLE FORKS, NY",AU SABLE FORKS,NY,CLINTON
13021,"AUBURN, NY",AUBURN,NY,CAYUGA
13022,"AUBURN, NY",AUBURN,NY,CAYUGA
13024,"AUBURN, NY",AUBURN,NY,CAYUGA
13026,"AURORA, NY",AURORA,NY,CAYUGA
12017,"AUSTERLITZ, NY",AUSTERLITZ,NY,COLUMBIA
13303,"AVA, NY",AVA,NY,ONEIDA
12018,"AVERILL PARK, NY",AVERILL PARK,NY,RENSSELAER
14809,"AVOCA, NY",AVOCA,NY,STEUBEN
14414,"AVON, NY",AVON,NY,LIVINGSTON
11702,"BABYLON, NY",BABYLON,NY,SUFFOLK
13733,"BAINBRIDGE, NY",BAINBRIDGE,NY,CHENANGO
12811,"BAKERS MILLS, NY",BAKERS MILLS,NY,WARREN
11510,"BALDWIN, NY",BALDWIN,NY,NASSAU
10505,"BALDWIN PLACE, NY",BALDWIN PLACE,NY,WESTCHESTER
13027,"BALDWINSVILLE, NY",BALDWINSVILLE,NY,ONONDAGA
12019,"BALLSTON LAKE, NY",BALLSTON LAKE,NY,SARATOGA
12020,"BALLSTON SPA, NY",BALLSTON SPA,NY,SARATOGA
12506,"BANGALL, NY",BANGALL,NY,DUTCHESS
14012,"BARKER, NY",BARKER,NY,NIAGARA
13304,"BARNEVELD, NY",BARNEVELD,NY,ONEIDA
12507,"BARRYTOWN, NY",BARRYTOWN,NY,DUTCHESS
12719,"BARRYVILLE, NY",BARRYVILLE,NY,SULLIVAN
13734,"BARTON, NY",BARTON,NY,TIOGA
14013,"BASOM, NY",BASOM,NY,GENESEE
14020,"BATAVIA, NY",BATAVIA,NY,GENESEE
14021,"BATAVIA, NY",BATAVIA,NY,GENESEE
14810,"BATH, NY",BATH,NY,STEUBEN
11706,"BAY SHORE, NY",BAY SHORE,NY,SUFFOLK
11705,"BAYPORT, NY",BAYPORT,NY,SUFFOLK
11359,"BAYSIDE, NY",BAYSIDE,NY,QUEENS
11360,"BAYSIDE, NY",BAYSIDE,NY,QUEENS
11361,"BAYSIDE, NY",BAYSIDE,NY,QUEENS
11709,"BAYVILLE, NY",BAYVILLE,NY,NASSAU
12508,"BEACON, NY",BEACON,NY,DUTCHESS
10911,"BEAR MOUNTAIN, NY",BEAR MOUNTAIN,NY,ROCKLAND
12409,"BEARSVILLE, NY",BEARSVILLE,NY,ULSTER
14812,"BEAVER DAMS, NY",BEAVER DAMS,NY,SCHUYLER
13305,"BEAVER FALLS, NY",BEAVER FALLS,NY,LEWIS
10506,"BEDFORD, NY",BEDFORD,NY,WESTCHESTER
10507,"BEDFORD HILLS, NY",BEDFORD HILLS,NY,WESTCHESTER
14711,"BELFAST, NY",BELFAST,NY,ALLEGANY
11426,"BELLEROSE, NY",BELLEROSE,NY,QUEENS
13611,"BELLEVILLE, NY",BELLEVILLE,NY,JEFFERSON
11710,"BELLMORE, NY",BELLMORE,NY,NASSAU
14415,"BELLONA, NY",BELLONA,NY,YATES
11713,"BELLPORT, NY",BELLPORT,NY,SUFFOLK
10912,"BELLVALE, NY",BELLVALE,NY,ORANGE
14813,"BELMONT, NY",BELMONT,NY,ALLEGANY
14712,"BEMUS POINT, NY",BEMUS POINT,NY,CHAUTAUQUA
14416,"BERGEN, NY",BERGEN,NY,GENESEE
13736,"BERKSHIRE, NY",BERKSHIRE,NY,TIOGA
12022,"BERLIN, NY",BERLIN,NY,RENSSELAER
12023,"BERNE, NY",BERNE,NY,ALBANY
13028,"BERNHARDS BAY, NY",BERNHARDS BAY,NY,OSWEGO
12720,"BETHEL, NY",BETHEL,NY,SULLIVAN
11714,"BETHPAGE, NY",BETHPAGE,NY,NASSAU
14814,"BIG FLATS, NY",BIG FLATS,NY,CHEMUNG
12410,"BIG INDIAN, NY",BIG INDIAN,NY,ULSTER
12510,"BILLINGS, NY",BILLINGS,NY,DUTCHESS
13901,"BINGHAMTON, NY",BINGHAMTON,NY,BROOME
13902,"BINGHAMTON, NY",BINGHAMTON,NY,BROOME
13903,"BINGHAMTON, NY",BINGHAMTON,NY,BROOME
13904,"BINGHAMTON, NY",BINGHAMTON,NY,BROOME
13905,"BINGHAMTON, NY",BINGHAMTON,NY,BROOME
14714,"BLACK CREEK, NY",BLACK CREEK,NY,ALLEGANY
13612,"BLACK RIVER, NY",BLACK RIVER,NY,JEFFERSON
10913,"BLAUVELT, NY",BLAUVELT,NY,ROCKLAND
14024,"BLISS, NY",BLISS,NY,WYOMING
13738,"BLODGETT MILLS, NY",BLODGETT MILLS,NY,CORTLAND
14469,"BLOOMFIELD, NY",BLOOMFIELD,NY,ONTARIO
10914,"BLOOMING GROVE, NY",BLOOMING GROVE,NY,ORANGE
12721,"BLOOMINGBURG, NY",BLOOMINGBURG,NY,SULLIVAN
12913,"BLOOMINGDALE, NY",BLOOMINGDALE,NY,ESSEX
12411,"BLOOMINGTON, NY",BLOOMINGTON,NY,ULSTER
13739,"BLOOMVILLE, NY",BLOOMVILLE,NY,DELAWARE
13308,"BLOSSVALE, NY",BLOSSVALE,NY,ONEIDA
12812,"BLUE MOUNTAIN LAKE, NY",BLUE MOUNTAIN LAKE,NY,HAMILTON
11715,"BLUE POINT, NY",BLUE POINT,NY,SUFFOLK
11716,"BOHEMIA, NY",BOHEMIA,NY,SUFFOLK
12412,"BOICEVILLE, NY",BOICEVILLE,NY,ULSTER
14715,"BOLIVAR, NY",BOLIVAR,NY,ALLEGANY
12814,"BOLTON LANDING, NY",BOLTON LANDING,NY,WARREN
12914,"BOMBAY, NY",BOMBAY,NY,FRANKLIN
13309,"BOONVILLE, NY",BOONVILLE,NY,ONEIDA
14025,"BOSTON, NY",BOSTON,NY,ERIE
13310,"BOUCKVILLE, NY",BOUCKVILLE,NY,MADISON
13740,"BOVINA CENTER, NY",BOVINA CENTER,NY,DELAWARE
14026,"BOWMANSVILLE, NY",BOWMANSVILLE,NY,ERIE
14815,"BRADFORD, NY",BRADFORD,NY,SCHUYLER
12024,"BRAINARD, NY",BRAINARD,NY,RENSSELAER
12915,"BRAINARDSVILLE, NY",BRAINARDSVILLE,NY,FRANKLIN
14418,"BRANCHPORT, NY",BRANCHPORT,NY,YATES
14027,"BRANT, NY",BRANT,NY,ERIE
12815,"BRANT LAKE, NY",BRANT LAKE,NY,WARREN
13312,"BRANTINGHAM, NY",BRANTINGHAM,NY,LEWIS
13613,"BRASHER FALLS, NY",BRASHER FALLS,NY,SAINT LAWRENCE
14816,"BREESPORT, NY",BREESPORT,NY,CHEMUNG
11697,"BREEZY POINT, NY",BREEZY POINT,NY,QUEENS
11717,"BRENTWOOD, NY",BRENTWOOD,NY,SUFFOLK
13029,"BREWERTON, NY",BREWERTON,NY,ONONDAGA
10509,"BREWSTER, NY",BREWSTER,NY,PUTNAM
10510,"BRIARCLIFF MANOR, NY",BRIARCLIFF MANOR,NY,WESTCHESTER
11932,"BRIDGEHAMPTON, NY",BRIDGEHAMPTON,NY,SUFFOLK
13030,"BRIDGEPORT, NY",BRIDGEPORT,NY,ONONDAGA
13313,"BRIDGEWATER, NY",BRIDGEWATER,NY,ONEIDA
13614,"BRIER HILL, NY",BRIER HILL,NY,SAINT LAWRENCE
11718,"BRIGHTWATERS, NY",BRIGHTWATERS,NY,SUFFOLK
12025,"BROADALBIN, NY",BROADALBIN,NY,FULTON
14420,"BROCKPORT, NY",BROCKPORT,NY,MONROE
14716,"BROCTON, NY",BROCTON,NY,CHAUTAUQUA
10451,"BRONX, NY",BRONX,NY,BRONX
10452,"BRONX, NY",BRONX,NY,BRONX
10453,"BRONX, NY",BRONX,NY,BRONX
10454,"BRONX, NY",BRONX,NY,BRONX
10455,"BRONX, NY",BRONX,NY,BRONX
10456,"BRONX, NY",BRONX,NY,BRONX
10457,"BRONX, NY",BRONX,NY,BRONX
10458,"BRONX, NY",BRONX,NY,BRONX
10459,"BRONX, NY",BRONX,NY,BRONX
10460,"BRONX, NY",BRONX,NY,BRONX
10461,"BRONX, NY",BRONX,NY,BRONX
10462,"BRONX, NY",BRONX,NY,BRONX
10463,"BRONX, NY",BRONX,NY,BRONX
10464,"BRONX, NY",BRONX,NY,BRONX
10465,"BRONX, NY",BRONX,NY,BRONX
10466,"BRONX, NY",BRONX,NY,BRONX
10467,"BRONX, NY",BRONX,NY,BRONX
10468,"BRONX, NY",BRONX,NY,BRONX
10469,"BRONX, NY",BRONX,NY,BRONX
10470,"BRONX, NY",BRONX,NY,BRONX
10471,"BRONX, NY",BRONX,NY,BRONX
10472,"BRONX, NY",BRONX,NY,BRONX
10473,"BRONX, NY",BRONX,NY,BRONX
10474,"BRONX, NY",BRONX,NY,BRONX
10475,"BRONX, NY",BRONX,NY,BRONX
10708,"BRONXVILLE, NY",BRONXVILLE,NY,WESTCHESTER
13314,"BROOKFIELD, NY",BROOKFIELD,NY,MADISON
11719,"BROOKHAVEN, NY",BROOKHAVEN,NY,SUFFOLK
11201,"BROOKLYN, NY",BROOKLYN,NY,KINGS
11202,"BROOKLYN, NY",BROOKLYN,NY,KINGS
11203,"BROOKLYN, NY",BROOKLYN,NY,KINGS
11204,"BROOKLYN, NY",BROOKLYN,NY,KINGS
11205,"BROOKLYN, NY",BROOKLYN,NY,KINGS
11206,"BROOKLYN, NY",BROOKLYN,NY,KINGS
11207,"BROOKLYN, NY",BROOKLYN,NY,KINGS
11208,"BROOKLYN, NY",BROOKLYN,NY,KINGS
11209,"BROOKLYN, NY",BROOKLYN,NY,KINGS
11210,"BROOKLYN, NY",BROOKLYN,NY,KINGS
11211,"BROOKLYN, NY",BROOKLYN,NY,KINGS
11212,"BROOKLYN, NY",BROOKLYN,NY,KINGS
11213,"BROOKLYN, NY",BROOKLYN,NY,KINGS
11214,"BROOKLYN, NY",BROOKLYN,NY,KINGS
11215,"BROOKLYN, NY",BROOKLYN,NY,KINGS
11216,"BROOKLYN, NY",BROOKLYN,NY,KINGS
11217,"BROOKLYN, NY",BROOKLYN,NY,KINGS
11218,"BROOKLYN, NY",BROOKLYN,NY,KINGS
11219,"BROOKLYN, NY",BROOKLYN,NY,KINGS
11220,"BROOKLYN, NY",BROOKLYN,NY,KINGS
11221,"BROOKLYN, NY",BROOKLYN,NY,KINGS
11222,"BROOKLYN, NY",BROOKLYN,NY,KINGS
11223,"BROOKLYN, NY",BROOKLYN,NY,KINGS
11224,"BROOKLYN, NY",BROOKLYN,NY,KINGS
11225,"BROOKLYN, NY",BROOKLYN,NY,KINGS
11226,"BROOKLYN, NY",BROOKLYN,NY,KINGS
11228,"BROOKLYN, NY",BROOKLYN,NY,KINGS
11229,"BROOKLYN, NY",BROOKLYN,NY,KINGS
11230,"BROOKLYN, NY",BROOKLYN,NY,KINGS
11231,"BROOKLYN, NY",BROOKLYN,NY,KINGS
11232,"BROOKLYN, NY",BROOKLYN,NY,KINGS
11233,"BROOKLYN, NY",BROOKLYN,NY,KINGS
11234,"BROOKLYN, NY",BROOKLYN,NY,KINGS
11235,"BROOKLYN, NY",BROOKLYN,NY,KINGS
11236,"BROOKLYN, NY",BROOKLYN,NY,KINGS
11237,"BROOKLYN, NY",BROOKLYN,NY,KINGS
11238,"BROOKLYN, NY",BROOKLYN,NY,KINGS
11239,"BROOKLYN, NY",BROOKLYN,NY,KINGS
11241,"BROOKLYN, NY",BROOKLYN,NY,KINGS
11242,"BROOKLYN, NY",BROOKLYN,NY,KINGS
11243,"BROOKLYN, NY",BROOKLYN,NY,KINGS
11245,"BROOKLYN, NY",BROOKLYN,NY,KINGS
11247,"BROOKLYN, NY",BROOKLYN,NY,KINGS
11249,"BROOKLYN, NY",BROOKLYN,NY,KINGS
11251,"BROOKLYN, NY",BROOKLYN,NY,KINGS
11252,"BROOKLYN, NY",BROOKLYN,NY,KINGS
11256,"BROOKLYN, NY",BROOKLYN,NY,KINGS
14817,"BROOKTONDALE, NY",BROOKTONDALE,NY,TOMPKINS
13615,"BROWNVILLE, NY",BROWNVILLE,NY,JEFFERSON
12916,"BRUSHTON, NY",BRUSHTON,NY,FRANKLIN
10511,"BUCHANAN, NY",BUCHANAN,NY,WESTCHESTER
14201,"BUFFALO, NY",BUFFALO,NY,ERIE
14202,"BUFFALO, NY",BUFFALO,NY,ERIE
14203,"BUFFALO, NY",BUFFALO,NY,ERIE
14204,"BUFFALO, NY",BUFFALO,NY,ERIE
14205,"BUFFALO, NY",BUFFALO,NY,ERIE
14206,"BUFFALO, NY",BUFFALO,NY,ERIE
14207,"BUFFALO, NY",BUFFALO,NY,ERIE
14208,"BUFFALO, NY",BUFFALO,NY,ERIE
14209,"BUFFALO, NY",BUFFALO,NY,ERIE
14210,"BUFFALO, NY",BUFFALO,NY,ERIE
14211,"BUFFALO, NY",BUFFALO,NY,ERIE
14212,"BUFFALO, NY",BUFFALO,NY,ERIE
14213,"BUFFALO, NY",BUFFALO,NY,ERIE
14214,"BUFFALO, NY",BUFFALO,NY,ERIE
14215,"BUFFALO, NY",BUFFALO,NY,ERIE
14216,"BUFFALO, NY",BUFFALO,NY,ERIE
14217,"BUFFALO, NY",BUFFALO,NY,ERIE
14218,"BUFFALO, NY",BUFFALO,NY,ERIE
14219,"BUFFALO, NY",BUFFALO,NY,ERIE
14220,"BUFFALO, NY",BUFFALO,NY,ERIE
14221,"BUFFALO, NY",BUFFALO,NY,ERIE
14222,"BUFFALO, NY",BUFFALO,NY,ERIE
14223,"BUFFALO, NY",BUFFALO,NY,ERIE
14224,"BUFFALO, NY",BUFFALO,NY,ERIE
14225,"BUFFALO, NY",BUFFALO,NY,ERIE
14226,"BUFFALO, NY",BUFFALO,NY,ERIE
14227,"BUFFALO, NY",BUFFALO,NY,ERIE
14228,"BUFFALO, NY",BUFFALO,NY,ERIE
14231,"BUFFALO, NY",BUFFALO,NY,ERIE
14240,"BUFFALO, NY",BUFFALO,NY,ERIE
14260,"BUFFALO, NY",BUFFALO,NY,ERIE
14261,"BUFFALO, NY",BUFFALO,NY,ERIE
14263,"BUFFALO, NY",BUFFALO,NY,ERIE
14264,"BUFFALO, NY",BUFFALO,NY,ERIE
14267,"BUFFALO, NY",BUFFALO,NY,ERIE
14270,"BUFFALO, NY",BUFFALO,NY,ERIE
14272,"BUFFALO, NY",BUFFALO,NY,ERIE
14273,"BUFFALO, NY",BUFFALO,NY,ERIE
10915,"BULLVILLE, NY",BULLVILLE,NY,ORANGE
14818,"BURDETT, NY",BURDETT,NY,SCHUYLER
12917,"BURKE, NY",BURKE,NY,FRANKLIN
12722,"BURLINGHAM, NY",BURLINGHAM,NY,SULLIVAN
13315,"BURLINGTON FLATS, NY",BURLINGTON FLATS,NY,OTSEGO
12027,"BURNT HILLS, NY",BURNT HILLS,NY,SARATOGA
14028,"BURT, NY",BURT,NY,NIAGARA
12028,"BUSKIRK, NY",BUSKIRK,NY,WASHINGTON
14422,"BYRON, NY",BYRON,NY,GENESEE
12918,"CADYVILLE, NY",CADYVILLE,NY,CLINTON
12413,"CAIRO, NY",CAIRO,NY,GREENE
13616,"CALCIUM, NY",CALCIUM,NY,JEFFERSON
14423,"CALEDONIA, NY",CALEDONIA,NY,LIVINGSTON
12723,"CALLICOON, NY",CALLICOON,NY,SULLIVAN
12724,"CALLICOON CENTER, NY",CALLICOON CENTER,NY,SULLIVAN
11933,"CALVERTON, NY",CALVERTON,NY,SUFFOLK
11411,"CAMBRIA HEIGHTS, NY",CAMBRIA HEIGHTS,NY,QUEENS
12816,"CAMBRIDGE, NY",CAMBRIDGE,NY,WASHINGTON
13316,"CAMDEN, NY",CAMDEN,NY,ONEIDA
14820,"CAMERON MILLS, NY",CAMERON MILLS,NY,STEUBEN
13031,"CAMILLUS, NY",CAMILLUS,NY,ONONDAGA
14821,"CAMPBELL, NY",CAMPBELL,NY,STEUBEN
10916,"CAMPBELL HALL, NY",CAMPBELL HALL,NY,ORANGE
12029,"CANAAN, NY",CANAAN,NY,COLUMBIA
13317,"CANAJOHARIE, NY",CANAJOHARIE,NY,MONTGOMERY
14424,"CANANDAIGUA, NY",CANANDAIGUA,NY,ONTARIO
14822,"CANASERAGA, NY",CANASERAGA,NY,ALLEGANY
13032,"CANASTOTA, NY",CANASTOTA,NY,MADISON
13743,"CANDOR, NY",CANDOR,NY,TIOGA
14717,"CANEADEA, NY",CANEADEA,NY,ALLEGANY
14823,"CANISTEO, NY",CANISTEO,NY,STEUBEN
13617,"CANTON, NY",CANTON,NY,SAINT LAWRENCE
13618,"CAPE VINCENT, NY",CAPE VINCENT,NY,JEFFERSON
11514,"CARLE PLACE, NY",CARLE PLACE,NY,NASSAU
12031,"CARLISLE, NY",CARLISLE,NY,SCHOHARIE
10512,"CARMEL, NY",CARMEL,NY,PUTNAM
12032,"CAROGA LAKE, NY",CAROGA LAKE,NY,FULTON
13619,"CARTHAGE, NY",CARTHAGE,NY,JEFFERSON
14718,"CASSADAGA, NY",CASSADAGA,NY,CHAUTAUQUA
13318,"CASSVILLE, NY",CASSVILLE,NY,ONEIDA
14427,"CASTILE, NY",CASTILE,NY,WYOMING
13744,"CASTLE CREEK, NY",CASTLE CREEK,NY,BROOME
12511,"CASTLE POINT, NY",CASTLE POINT,NY,DUTCHESS
12033,"CASTLETON ON HUDSON, NY",CASTLETON ON HUDSON,NY,RENSSELAER
13620,"CASTORLAND, NY",CASTORLAND,NY,LEWIS
13033,"CATO, NY",CATO,NY,CAYUGA
12414,"CATSKILL, NY",CATSKILL,NY,GREENE
14719,"CATTARAUGUS, NY",CATTARAUGUS,NY,CATTARAUGUS
13034,"CAYUGA, NY",CAYUGA,NY,CAYUGA
14824,"CAYUTA, NY",CAYUTA,NY,SCHUYLER
13035,"CAZENOVIA, NY",CAZENOVIA,NY,MADISON
11516,"CEDARHURST, NY",CEDARHURST,NY,NASSAU
14720,"CELORON, NY",CELORON,NY,CHAUTAUQUA
11934,"CENTER MORICHES, NY",CENTER MORICHES,NY,SUFFOLK
11720,"CENTEREACH, NY",CENTEREACH,NY,SUFFOLK
11721,"CENTERPORT, NY",CENTERPORT,NY,SUFFOLK
14029,"CENTERVILLE, NY",CENTERVILLE,NY,ALLEGANY
12035,"CENTRAL BRIDGE, NY",CENTRAL BRIDGE,NY,SCHOHARIE
11722,"CENTRAL ISLIP, NY",CENTRAL ISLIP,NY,SUFFOLK
13036,"CENTRAL SQUARE, NY",CENTRAL SQUARE,NY,OSWEGO
10917,"CENTRAL VALLEY, NY",CENTRAL VALLEY,NY,ORANGE
14721,"CERES, NY",CERES,NY,ALLEGANY
13319,"CHADWICKS, NY",CHADWICKS,NY,ONEIDA
14030,"CHAFFEE, NY",CHAFFEE,NY,ERIE
12919,"CHAMPLAIN, NY",CHAMPLAIN,NY,CLINTON
10514,"CHAPPAQUA, NY",CHAPPAQUA,NY,WESTCHESTER
12036,"CHARLOTTEVILLE, NY",CHARLOTTEVILLE,NY,SCHOHARIE
13621,"CHASE MILLS, NY",CHASE MILLS,NY,SAINT LAWRENCE
12920,"CHATEAUGAY, NY",CHATEAUGAY,NY,FRANKLIN
12037,"CHATHAM, NY",CHATHAM,NY,COLUMBIA
13622,"CHAUMONT, NY",CHAUMONT,NY,JEFFERSON
14722,"CHAUTAUQUA, NY",CHAUTAUQUA,NY,CHAUTAUQUA
12921,"CHAZY, NY",CHAZY,NY,CLINTON
12512,"CHELSEA, NY",CHELSEA,NY,DUTCHESS
14825,"CHEMUNG, NY",CHEMUNG,NY,CHEMUNG
13745,"CHENANGO BRIDGE, NY",CHENANGO BRIDGE,NY,BROOME
13746,"CHENANGO FORKS, NY",CHENANGO FORKS,NY,BROOME
14723,"CHERRY CREEK, NY",CHERRY CREEK,NY,CHAUTAUQUA
12040,"CHERRY PLAIN, NY",CHERRY PLAIN,NY,RENSSELAER
13320,"CHERRY VALLEY, NY",CHERRY VALLEY,NY,OTSEGO
10918,"CHESTER, NY",CHESTER,NY,ORANGE
12817,"CHESTERTOWN, NY",CHESTERTOWN,NY,WARREN
12416,"CHICHESTER, NY",CHICHESTER,NY,ULSTER
12922,"CHILDWOLD, NY",CHILDWOLD,NY,SAINT LAWRENCE
13623,"CHIPPEWA BAY, NY",CHIPPEWA BAY,NY,SAINT LAWRENCE
13037,"CHITTENANGO, NY",CHITTENANGO,NY,MADISON
14428,"CHURCHVILLE, NY",CHURCHVILLE,NY,MONROE
12923,"CHURUBUSCO, NY",CHURUBUSCO,NY,CLINTON
13039,"CICERO, NY",CICERO,NY,ONONDAGA
13040,"CINCINNATUS, NY",CINCINNATUS,NY,CORTLAND
10919,"CIRCLEVILLE, NY",CIRCLEVILLE,NY,ORANGE
14031,"CLARENCE, NY",CLARENCE,NY,ERIE
14032,"CLARENCE CENTER, NY",CLARENCE CENTER,NY,ERIE
14429,"CLARENDON, NY",CLARENDON,NY,ORLEANS
13321,"CLARK MILLS, NY",CLARK MILLS,NY,ONEIDA
14430,"CLARKSON, NY",CLARKSON,NY,MONROE
12041,"CLARKSVILLE, NY",CLARKSVILLE,NY,ALBANY
12725,"CLARYVILLE, NY",CLARYVILLE,NY,SULLIVAN
12513,"CLAVERACK, NY",CLAVERACK,NY,COLUMBIA
13041,"CLAY, NY",CLAY,NY,ONONDAGA
13624,"CLAYTON, NY",CLAYTON,NY,JEFFERSON
13322,"CLAYVILLE, NY",CLAYVILLE,NY,ONEIDA
12819,"CLEMONS, NY",CLEMONS,NY,WASHINGTON
13042,"CLEVELAND, NY",CLEVELAND,NY,OSWEGO
12820,"CLEVERDALE, NY",CLEVERDALE,NY,WARREN
12065,"CLIFTON PARK, NY",CLIFTON PARK,NY,SARATOGA
14432,"CLIFTON SPRINGS, NY",CLIFTON SPRINGS,NY,ONTARIO
12042,"CLIMAX, NY",CLIMAX,NY,GREENE
13323,"CLINTON, NY",CLINTON,NY,ONEIDA
12514,"CLINTON CORNERS, NY",CLINTON CORNERS,NY,DUTCHESS
12515,"CLINTONDALE, NY",CLINTONDALE,NY,ULSTER
14433,"CLYDE, NY",CLYDE,NY,WAYNE
14724,"CLYMER, NY",CLYMER,NY,CHAUTAUQUA
12043,"COBLESKILL, NY",COBLESKILL,NY,SCHOHARIE
12726,"COCHECTON, NY",COCHECTON,NY,SULLIVAN
12727,"COCHECTON CENTER, NY",COCHECTON CENTER,NY,SULLIVAN
12045,"COEYMANS, NY",COEYMANS,NY,ALBANY
12046,"COEYMANS HOLLOW, NY",COEYMANS HOLLOW,NY,ALBANY
14826,"COHOCTON, NY",COHOCTON,NY,STEUBEN
12047,"COHOES, NY",COHOES,NY,ALBANY
13324,"COLD BROOK, NY",COLD BROOK,NY,HERKIMER
10516,"COLD SPRING, NY",COLD SPRING,NY,PUTNAM
11724,"COLD SPRING HARBOR, NY",COLD SPRING HARBOR,NY,SUFFOLK
14033,"COLDEN, NY",COLDEN,NY,ERIE
11356,"COLLEGE POINT, NY",COLLEGE POINT,NY,QUEENS
13747,"COLLIERSVILLE, NY",COLLIERSVILLE,NY,OTSEGO
14034,"COLLINS, NY",COLLINS,NY,ERIE
14035,"COLLINS CENTER, NY",COLLINS CENTER,NY,ERIE
13625,"COLTON, NY",COLTON,NY,SAINT LAWRENCE
12050,"COLUMBIAVILLE, NY",COLUMBIAVILLE,NY,COLUMBIA
11725,"COMMACK, NY",COMMACK,NY,SUFFOLK
12821,"COMSTOCK, NY",COMSTOCK,NY,WASHINGTON
14435,"CONESUS, NY",CONESUS,NY,LIVINGSTON
14726,"CONEWANGO VALLEY, NY",CONEWANGO VALLEY,NY,CATTARAUGUS
10920,"CONGERS, NY",CONGERS,NY,ROCKLAND
13748,"CONKLIN, NY",CONKLIN,NY,BROOME
12417,"CONNELLY, NY",CONNELLY,NY,ULSTER
12926,"CONSTABLE, NY",CONSTABLE,NY,FRANKLIN
13325,"CONSTABLEVILLE, NY",CONSTABLEVILLE,NY,LEWIS
13044,"CONSTANTIA, NY",CONSTANTIA,NY,OSWEGO
14827,"COOPERS PLAINS, NY",COOPERS PLAINS,NY,STEUBEN
13326,"COOPERSTOWN, NY",COOPERSTOWN,NY,OTSEGO
12516,"COPAKE, NY",COPAKE,NY,COLUMBIA
12517,"COPAKE FALLS, NY",COPAKE FALLS,NY,COLUMBIA
13626,"COPENHAGEN, NY",COPENHAGEN,NY,LEWIS
11726,"COPIAGUE, NY",COPIAGUE,NY,SUFFOLK
11727,"CORAM, NY",CORAM,NY,SUFFOLK
14036,"CORFU, NY",CORFU,NY,GENESEE
12822,"CORINTH, NY",CORINTH,NY,SARATOGA
14830,"CORNING, NY",CORNING,NY,STEUBEN
14831,"CORNING, NY",CORNING,NY,STEUBEN
12518,"CORNWALL, NY",CORNWALL,NY,ORANGE
12520,"CORNWALL ON HUDSON, NY",CORNWALL ON HUDSON,NY,ORANGE
12418,"CORNWALLVILLE, NY",CORNWALLVILLE,NY,GREENE
11368,"CORONA, NY",CORONA,NY,QUEENS
13045,"CORTLAND, NY",CORTLAND,NY,CORTLAND
10567,"CORTLANDT MANOR, NY",CORTLANDT MANOR,NY,WESTCHESTER
12823,"COSSAYUNA, NY",COSSAYUNA,NY,WASHINGTON
12419,"COTTEKILL, NY",COTTEKILL,NY,ULSTER
14037,"COWLESVILLE, NY",COWLESVILLE,NY,WYOMING
12051,"COXSACKIE, NY",COXSACKIE,NY,GREENE
12420,"CRAGSMOOR, NY",CRAGSMOOR,NY,ULSTER
12927,"CRANBERRY LAKE, NY",CRANBERRY LAKE,NY,SAINT LAWRENCE
12521,"CRARYVILLE, NY",CRARYVILLE,NY,COLUMBIA
14038,"CRITTENDEN, NY",CRITTENDEN,NY,ERIE
13327,"CROGHAN, NY",CROGHAN,NY,LEWIS
10517,"CROMPOND, NY",CROMPOND,NY,WESTCHESTER
12052,"CROPSEYVILLE, NY",CROPSEYVILLE,NY,RENSSELAER
10518,"CROSS RIVER, NY",CROSS RIVER,NY,WESTCHESTER
10519,"CROTON FALLS, NY",CROTON FALLS,NY,WESTCHESTER
10520,"CROTON ON HUDSON, NY",CROTON ON HUDSON,NY,WESTCHESTER
10521,"CROTON ON HUDSON, NY",CROTON ON HUDSON,NY,WESTCHESTER
12928,"CROWN POINT, NY",CROWN POINT,NY,ESSEX
14727,"CUBA, NY",CUBA,NY,ALLEGANY
12729,"CUDDEBACKVILLE, NY",CUDDEBACKVILLE,NY,ORANGE
11935,"CUTCHOGUE, NY",CUTCHOGUE,NY,SUFFOLK
14039,"DALE, NY",DALE,NY,WYOMING
14836,"DALTON, NY",DALTON,NY,LIVINGSTON
12929,"DANNEMORA, NY",DANNEMORA,NY,CLINTON
14437,"DANSVILLE, NY",DANSVILLE,NY,LIVINGSTON
14040,"DARIEN CENTER, NY",DARIEN CENTER,NY,GENESEE
13750,"DAVENPORT, NY",DAVENPORT,NY,DELAWARE
13751,"DAVENPORT CENTER, NY",DAVENPORT CENTER,NY,DELAWARE
14041,"DAYTON, NY",DAYTON,NY,CATTARAUGUS
13630,"DE KALB JUNCTION, NY",DE KALB JUNCTION,NY,SAINT LAWRENCE
13633,"DE PEYSTER, NY",DE PEYSTER,NY,SAINT LAWRENCE
13052,"DE RUYTER, NY",DE RUYTER,NY,MADISON
13328,"DEANSBORO, NY",DEANSBORO,NY,ONEIDA
11729,"DEER PARK, NY",DEER PARK,NY,SUFFOLK
13627,"DEER RIVER, NY",DEER RIVER,NY,LEWIS
13628,"DEFERIET, NY",DEFERIET,NY,JEFFERSON
13752,"DELANCEY, NY",DELANCEY,NY,DELAWARE
12053,"DELANSON, NY",DELANSON,NY,SCHENECTADY
14042,"DELEVAN, NY",DELEVAN,NY,CATTARAUGUS
13753,"DELHI, NY",DELHI,NY,DELAWARE
12054,"DELMAR, NY",DELMAR,NY,ALBANY
13051,"DELPHI FALLS, NY",DELPHI FALLS,NY,ONONDAGA
13631,"DENMARK, NY",DENMARK,NY,LEWIS
12421,"DENVER, NY",DENVER,NY,DELAWARE
13632,"DEPAUVILLE, NY",DEPAUVILLE,NY,JEFFERSON
14043,"DEPEW, NY",DEPEW,NY,ERIE
13754,"DEPOSIT, NY",DEPOSIT,NY,BROOME
14047,"DERBY, NY",DERBY,NY,ERIE
14728,"DEWITTVILLE, NY",DEWITTVILLE,NY,CHAUTAUQUA
13634,"DEXTER, NY",DEXTER,NY,JEFFERSON
12824,"DIAMOND POINT, NY",DIAMOND POINT,NY,WARREN
12930,"DICKINSON CENTER, NY",DICKINSON CENTER,NY,FRANKLIN
10522,"DOBBS FERRY, NY",DOBBS FERRY,NY,WESTCHESTER
13329,"DOLGEVILLE, NY",DOLGEVILLE,NY,HERKIMER
12055,"DORMANSVILLE, NY",DORMANSVILLE,NY,ALBANY
12522,"DOVER PLAINS, NY",DOVER PLAINS,NY,DUTCHESS
13755,"DOWNSVILLE, NY",DOWNSVILLE,NY,DELAWARE
14441,"DRESDEN, NY",DRESDEN,NY,YATES
13053,"DRYDEN, NY",DRYDEN,NY,TOMPKINS
12056,"DUANESBURG, NY",DUANESBURG,NY,SCHENECTADY
14837,"DUNDEE, NY",DUNDEE,NY,YATES
14048,"DUNKIRK, NY",DUNKIRK,NY,CHAUTAUQUA
12422,"DURHAM, NY",DURHAM,NY,GREENE
13054,"DURHAMVILLE, NY",DURHAMVILLE,NY,ONEIDA
13331,"EAGLE BAY, NY",EAGLE BAY,NY,HERKIMER
12057,"EAGLE BRIDGE, NY",EAGLE BRIDGE,NY,RENSSELAER
12058,"EARLTON, NY",EARLTON,NY,GREENE
13332,"EARLVILLE, NY",EARLVILLE,NY,CHENANGO
14051,"EAST AMHERST, NY",EAST AMHERST,NY,ERIE
14052,"EAST AURORA, NY",EAST AURORA,NY,ERIE
12059,"EAST BERNE, NY",EAST BERNE,NY,ALBANY
14054,"EAST BETHANY, NY",EAST BETHANY,NY,GENESEE
14443,"EAST BLOOMFIELD, NY",EAST BLOOMFIELD,NY,ONTARIO
13756,"EAST BRANCH, NY",EAST BRANCH,NY,DELAWARE
12060,"EAST CHATHAM, NY",EAST CHATHAM,NY,COLUMBIA
14055,"EAST CONCORD, NY",EAST CONCORD,NY,ERIE
12423,"EAST DURHAM, NY",EAST DURHAM,NY,GREENE
11369,"EAST ELMHURST, NY",EAST ELMHURST,NY,QUEENS
11370,"EAST ELMHURST, NY",EAST ELMHURST,NY,QUEENS
12061,"EAST GREENBUSH, NY",EAST GREENBUSH,NY,RENSSELAER
11937,"EAST HAMPTON, NY",EAST HAMPTON,NY,SUFFOLK
11730,"EAST ISLIP, NY",EAST ISLIP,NY,SUFFOLK
12424,"EAST JEWETT, NY",EAST JEWETT,NY,GREENE
11939,"EAST MARION, NY",EAST MARION,NY,SUFFOLK
11554,"EAST MEADOW, NY",EAST MEADOW,NY,NASSAU
13757,"EAST MEREDITH, NY",EAST MEREDITH,NY,DELAWARE
11940,"EAST MORICHES, NY",EAST MORICHES,NY,SUFFOLK
12062,"EAST NASSAU, NY",EAST NASSAU,NY,RENSSELAER
11731,"EAST NORTHPORT, NY",EAST NORTHPORT,NY,SUFFOLK
11732,"EAST NORWICH, NY",EAST NORWICH,NY,NASSAU
14729,"EAST OTTO, NY",EAST OTTO,NY,CATTARAUGUS
14056,"EAST PEMBROKE, NY",EAST PEMBROKE,NY,GENESEE
11942,"EAST QUOGUE, NY",EAST QUOGUE,NY,SUFFOLK
14730,"EAST RANDOLPH, NY",EAST RANDOLPH,NY,CATTARAUGUS
14445,"EAST ROCHESTER, NY",EAST ROCHESTER,NY,MONROE
11518,"EAST ROCKAWAY, NY",EAST ROCKAWAY,NY,NASSAU
12063,"EAST SCHODACK, NY",EAST SCHODACK,NY,RENSSELAER
11733,"EAST SETAUKET, NY",EAST SETAUKET,NY,SUFFOLK
13333,"EAST SPRINGFIELD, NY",EAST SPRINGFIELD,NY,OTSEGO
13057,"EAST SYRACUSE, NY",EAST SYRACUSE,NY,ONONDAGA
14449,"EAST WILLIAMSON, NY",EAST WILLIAMSON,NY,WAYNE
12064,"EAST WORCESTER, NY",EAST WORCESTER,NY,OTSEGO
10709,"EASTCHESTER, NY",EASTCHESTER,NY,WESTCHESTER
11941,"EASTPORT, NY",EASTPORT,NY,SUFFOLK
13334,"EATON, NY",EATON,NY,MADISON
14057,"EDEN, NY",EDEN,NY,ERIE
13335,"EDMESTON, NY",EDMESTON,NY,OTSEGO
13635,"EDWARDS, NY",EDWARDS,NY,SAINT LAWRENCE
14058,"ELBA, NY",ELBA,NY,GENESEE
13060,"ELBRIDGE, NY",ELBRIDGE,NY,ONONDAGA
12732,"ELDRED, NY",ELDRED,NY,SULLIVAN
12932,"ELIZABETHTOWN, NY",ELIZABETHTOWN,NY,ESSEX
12523,"ELIZAVILLE, NY",ELIZAVILLE,NY,COLUMBIA
12427,"ELKA PARK, NY",ELKA PARK,NY,GREENE
12933,"ELLENBURG, NY",ELLENBURG,NY,CLINTON
12934,"ELLENBURG CENTER, NY",ELLENBURG CENTER,NY,CLINTON
12935,"ELLENBURG DEPOT, NY",ELLENBURG DEPOT,NY,CLINTON
12428,"ELLENVILLE, NY",ELLENVILLE,NY,ULSTER
14731,"ELLICOTTVILLE, NY",ELLICOTTVILLE,NY,CATTARAUGUS
14732,"ELLINGTON, NY",ELLINGTON,NY,CHAUTAUQUA
13636,"ELLISBURG, NY",ELLISBURG,NY,JEFFERSON
14059,"ELMA, NY",ELMA,NY,ERIE
11373,"ELMHURST, NY",ELMHURST,NY,QUEENS
11380,"ELMHURST, NY",ELMHURST,NY,QUEENS
14901,"ELMIRA, NY",ELMIRA,NY,CHEMUNG
14902,"ELMIRA, NY",ELMIRA,NY,CHEMUNG
14903,"ELMIRA, NY",ELMIRA,NY,CHEMUNG
14904,"ELMIRA, NY",ELMIRA,NY,CHEMUNG
14905,"ELMIRA, NY",ELMIRA,NY,CHEMUNG
11003,"ELMONT, NY",ELMONT,NY,NASSAU
10523,"ELMSFORD, NY",ELMSFORD,NY,WESTCHESTER
13760,"ENDICOTT, NY",ENDICOTT,NY,BROOME
13761,"ENDICOTT, NY",ENDICOTT,NY,BROOME
13763,"ENDICOTT, NY",ENDICOTT,NY,BROOME
13762,"ENDWELL, NY",ENDWELL,NY,BROOME
13061,"ERIEVILLE, NY",ERIEVILLE,NY,MADISON
14838,"ERIN, NY",ERIN,NY,CHEMUNG
12429,"ESOPUS, NY",ESOPUS,NY,ULSTER
12066,"ESPERANCE, NY",ESPERANCE,NY,MONTGOMERY
12936,"ESSEX, NY",ESSEX,NY,ESSEX
13637,"EVANS MILLS, NY",EVANS MILLS,NY,JEFFERSON
13063,"FABIUS, NY",FABIUS,NY,ONONDAGA
13064,"FAIR HAVEN, NY",FAIR HAVEN,NY,CAYUGA
14450,"FAIRPORT, NY",FAIRPORT,NY,MONROE
14733,"FALCONER, NY",FALCONER,NY,CHAUTAUQUA
12733,"FALLSBURG, NY",FALLSBURG,NY,SULLIVAN
14452,"FANCHER, NY",FANCHER,NY,ORLEANS
11690,"FAR ROCKAWAY, NY",FAR ROCKAWAY,NY,QUEENS
11691,"FAR ROCKAWAY, NY",FAR ROCKAWAY,NY,QUEENS
11693,"FAR ROCKAWAY, NY",FAR ROCKAWAY,NY,QUEENS
11695,"FAR ROCKAWAY, NY",FAR ROCKAWAY,NY,QUEENS
14060,"FARMERSVILLE STATION, NY",FARMERSVILLE STATION,NY,CATTARAUGUS
11735,"FARMINGDALE, NY",FARMINGDALE,NY,NASSAU
14425,"FARMINGTON, NY",FARMINGTON,NY,ONTARIO
11738,"FARMINGVILLE, NY",FARMINGVILLE,NY,SUFFOLK
14061,"FARNHAM, NY",FARNHAM,NY,ERIE
13065,"FAYETTE, NY",FAYETTE,NY,SENECA
13066,"FAYETTEVILLE, NY",FAYETTEVILLE,NY,ONONDAGA
13638,"FELTS MILLS, NY",FELTS MILLS,NY,JEFFERSON
12734,"FERNDALE, NY",FERNDALE,NY,SULLIVAN
12067,"FEURA BUSH, NY",FEURA BUSH,NY,ALBANY
14735,"FILLMORE, NY",FILLMORE,NY,ALLEGANY
14736,"FINDLEY LAKE, NY",FINDLEY LAKE,NY,CHAUTAUQUA
13639,"FINE, NY",FINE,NY,SAINT LAWRENCE
14453,"FISHERS, NY",FISHERS,NY,ONTARIO
6390,"FISHERS ISLAND, NY",FISHERS ISLAND,NY,SUFFOLK
13641,"FISHERS LANDING, NY",FISHERS LANDING,NY,JEFFERSON
12524,"FISHKILL, NY",FISHKILL,NY,DUTCHESS
13774,"FISHS EDDY, NY",FISHS EDDY,NY,DELAWARE
12430,"FLEISCHMANNS, NY",FLEISCHMANNS,NY,DELAWARE
11001,"FLORAL PARK, NY",FLORAL PARK,NY,NASSAU
11002,"FLORAL PARK, NY",FLORAL PARK,NY,NASSAU
11005,"FLORAL PARK, NY",FLORAL PARK,NY,QUEENS
10921,"FLORIDA, NY",FLORIDA,NY,ORANGE
11351,"FLUSHING, NY",FLUSHING,NY,QUEENS
11352,"FLUSHING, NY",FLUSHING,NY,QUEENS
11354,"FLUSHING, NY",FLUSHING,NY,QUEENS
11355,"FLUSHING, NY",FLUSHING,NY,QUEENS
11358,"FLUSHING, NY",FLUSHING,NY,QUEENS
11367,"FLUSHING, NY",FLUSHING,NY,QUEENS
11371,"FLUSHING, NY",FLUSHING,NY,QUEENS
13337,"FLY CREEK, NY",FLY CREEK,NY,OTSEGO
12068,"FONDA, NY",FONDA,NY,MONTGOMERY
11375,"FOREST HILLS, NY",FOREST HILLS,NY,QUEENS
12777,"FORESTBURGH, NY",FORESTBURGH,NY,SULLIVAN
13338,"FORESTPORT, NY",FORESTPORT,NY,ONEIDA
14062,"FORESTVILLE, NY",FORESTVILLE,NY,CHAUTAUQUA
12827,"FORT ANN, NY",FORT ANN,NY,WASHINGTON
12937,"FORT COVINGTON, NY",FORT COVINGTON,NY,FRANKLIN
13602,"FORT DRUM, NY",FORT DRUM,NY,JEFFERSON
12828,"FORT EDWARD, NY",FORT EDWARD,NY,WASHINGTON
12069,"FORT HUNTER, NY",FORT HUNTER,NY,MONTGOMERY
12070,"FORT JOHNSON, NY",FORT JOHNSON,NY,MONTGOMERY
10922,"FORT MONTGOMERY, NY",FORT MONTGOMERY,NY,ORANGE
13339,"FORT PLAIN, NY",FORT PLAIN,NY,MONTGOMERY
13340,"FRANKFORT, NY",FRANKFORT,NY,HERKIMER
13775,"FRANKLIN, NY",FRANKLIN,NY,DELAWARE
13341,"FRANKLIN SPRINGS, NY",FRANKLIN SPRINGS,NY,ONEIDA
11010,"FRANKLIN SQUARE, NY",FRANKLIN SQUARE,NY,NASSAU
14737,"FRANKLINVILLE, NY",FRANKLINVILLE,NY,CATTARAUGUS
14063,"FREDONIA, NY",FREDONIA,NY,CHAUTAUQUA
14065,"FREEDOM, NY",FREEDOM,NY,CATTARAUGUS
12431,"FREEHOLD, NY",FREEHOLD,NY,GREENE
11520,"FREEPORT, NY",FREEPORT,NY,NASSAU
13068,"FREEVILLE, NY",FREEVILLE,NY,TOMPKINS
12736,"FREMONT CENTER, NY",FREMONT CENTER,NY,SULLIVAN
11365,"FRESH MEADOWS, NY",FRESH MEADOWS,NY,QUEENS
11366,"FRESH MEADOWS, NY",FRESH MEADOWS,NY,QUEENS
14738,"FREWSBURG, NY",FREWSBURG,NY,CHAUTAUQUA
14739,"FRIENDSHIP, NY",FRIENDSHIP,NY,ALLEGANY
13069,"FULTON, NY",FULTON,NY,OSWEGO
12071,"FULTONHAM, NY",FULTONHAM,NY,SCHOHARIE
12072,"FULTONVILLE, NY",FULTONVILLE,NY,MONTGOMERY
12939,"GABRIELS, NY",GABRIELS,NY,FRANKLIN
14066,"GAINESVILLE, NY",GAINESVILLE,NY,WYOMING
12073,"GALLUPVILLE, NY",GALLUPVILLE,NY,SCHOHARIE
12074,"GALWAY, NY",GALWAY,NY,SARATOGA
12831,"GANSEVOORT, NY",GANSEVOORT,NY,SARATOGA
11530,"GARDEN CITY, NY",GARDEN CITY,NY,NASSAU
11531,"GARDEN CITY, NY",GARDEN CITY,NY,NASSAU
11599,"GARDEN CITY, NY",GARDEN CITY,NY,NASSAU
12525,"GARDINER, NY",GARDINER,NY,ULSTER
10923,"GARNERVILLE, NY",GARNERVILLE,NY,ROCKLAND
13342,"GARRATTSVILLE, NY",GARRATTSVILLE,NY,OTSEGO
10524,"GARRISON, NY",GARRISON,NY,PUTNAM
14067,"GASPORT, NY",GASPORT,NY,NIAGARA
14454,"GENESEO, NY",GENESEO,NY,LIVINGSTON
14456,"GENEVA, NY",GENEVA,NY,ONTARIO
13071,"GENOA, NY",GENOA,NY,CAYUGA
13072,"GEORGETOWN, NY",GEORGETOWN,NY,MADISON
12526,"GERMANTOWN, NY",GERMANTOWN,NY,COLUMBIA
14740,"GERRY, NY",GERRY,NY,CHAUTAUQUA
14068,"GETZVILLE, NY",GETZVILLE,NY,ERIE
12075,"GHENT, NY",GHENT,NY,COLUMBIA
13776,"GILBERTSVILLE, NY",GILBERTSVILLE,NY,OTSEGO
12076,"GILBOA, NY",GILBOA,NY,SCHOHARIE
12432,"GLASCO, NY",GLASCO,NY,ULSTER
13777,"GLEN AUBREY, NY",GLEN AUBREY,NY,BROOME
11542,"GLEN COVE, NY",GLEN COVE,NY,NASSAU
11545,"GLEN HEAD, NY",GLEN HEAD,NY,NASSAU
11004,"GLEN OAKS, NY",GLEN OAKS,NY,QUEENS
12737,"GLEN SPEY, NY",GLEN SPEY,NY,SULLIVAN
12738,"GLEN WILD, NY",GLEN WILD,NY,SULLIVAN
13343,"GLENFIELD, NY",GLENFIELD,NY,LEWIS
12433,"GLENFORD, NY",GLENFORD,NY,ULSTER
12527,"GLENHAM, NY",GLENHAM,NY,DUTCHESS
12077,"GLENMONT, NY",GLENMONT,NY,ALBANY
12801,"GLENS FALLS, NY",GLENS FALLS,NY,WARREN
14069,"GLENWOOD, NY",GLENWOOD,NY,ERIE
11547,"GLENWOOD LANDING, NY",GLENWOOD LANDING,NY,NASSAU
12078,"GLOVERSVILLE, NY",GLOVERSVILLE,NY,FULTON
10526,"GOLDENS BRIDGE, NY",GOLDENS BRIDGE,NY,WESTCHESTER
14461,"GORHAM, NY",GORHAM,NY,ONTARIO
10924,"GOSHEN, NY",GOSHEN,NY,ORANGE
13642,"GOUVERNEUR, NY",GOUVERNEUR,NY,SAINT LAWRENCE
14070,"GOWANDA, NY",GOWANDA,NY,CATTARAUGUS
12082,"GRAFTON, NY",GRAFTON,NY,RENSSELAER
12740,"GRAHAMSVILLE, NY",GRAHAMSVILLE,NY,SULLIVAN
12434,"GRAND GORGE, NY",GRAND GORGE,NY,DELAWARE
14072,"GRAND ISLAND, NY",GRAND ISLAND,NY,ERIE
10527,"GRANITE SPRINGS, NY",GRANITE SPRINGS,NY,WESTCHESTER
12832,"GRANVILLE, NY",GRANVILLE,NY,WASHINGTON
13643,"GREAT BEND, NY",GREAT BEND,NY,JEFFERSON
11020,"GREAT NECK, NY",GREAT NECK,NY,NASSAU
11021,"GREAT NECK, NY",GREAT NECK,NY,NASSAU
11022,"GREAT NECK, NY",GREAT NECK,NY,NASSAU
11023,"GREAT NECK, NY",GREAT NECK,NY,NASSAU
11024,"GREAT NECK, NY",GREAT NECK,NY,NASSAU
11026,"GREAT NECK, NY",GREAT NECK,NY,NASSAU
11027,"GREAT NECK, NY",GREAT NECK,NY,NASSAU
11739,"GREAT RIVER, NY",GREAT RIVER,NY,SUFFOLK
14741,"GREAT VALLEY, NY",GREAT VALLEY,NY,CATTARAUGUS
13778,"GREENE, NY",GREENE,NY,CHENANGO
12833,"GREENFIELD CENTER, NY",GREENFIELD CENTER,NY,SARATOGA
12435,"GREENFIELD PARK, NY",GREENFIELD PARK,NY,ULSTER
14742,"GREENHURST, NY",GREENHURST,NY,CHAUTAUQUA
11740,"GREENLAWN, NY",GREENLAWN,NY,SUFFOLK
11944,"GREENPORT, NY",GREENPORT,NY,SUFFOLK
11548,"GREENVALE, NY",GREENVALE,NY,NASSAU
12083,"GREENVILLE, NY",GREENVILLE,NY,GREENE
12834,"GREENWICH, NY",GREENWICH,NY,WASHINGTON
14839,"GREENWOOD, NY",GREENWOOD,NY,STEUBEN
10925,"GREENWOOD LAKE, NY",GREENWOOD LAKE,NY,ORANGE
13345,"GREIG, NY",GREIG,NY,LEWIS
13073,"GROTON, NY",GROTON,NY,TOMPKINS
14462,"GROVELAND, NY",GROVELAND,NY,LIVINGSTON
12084,"GUILDERLAND, NY",GUILDERLAND,NY,ALBANY
12085,"GUILDERLAND CENTER, NY",GUILDERLAND CENTER,NY,ALBANY
13780,"GUILFORD, NY",GUILFORD,NY,CHENANGO
12835,"HADLEY, NY",HADLEY,NY,SARATOGA
12086,"HAGAMAN, NY",HAGAMAN,NY,MONTGOMERY
12836,"HAGUE, NY",HAGUE,NY,WARREN
13645,"HAILESBORO, NY",HAILESBORO,NY,SAINT LAWRENCE
12436,"HAINES FALLS, NY",HAINES FALLS,NY,GREENE
12438,"HALCOTTSVILLE, NY",HALCOTTSVILLE,NY,DELAWARE
14463,"HALL, NY",HALL,NY,ONTARIO
14075,"HAMBURG, NY",HAMBURG,NY,ERIE
13782,"HAMDEN, NY",HAMDEN,NY,DELAWARE
13346,"HAMILTON, NY",HAMILTON,NY,MADISON
14464,"HAMLIN, NY",HAMLIN,NY,MONROE
13646,"HAMMOND, NY",HAMMOND,NY,SAINT LAWRENCE
14840,"HAMMONDSPORT, NY",HAMMONDSPORT,NY,STEUBEN
12837,"HAMPTON, NY",HAMPTON,NY,WASHINGTON
11946,"HAMPTON BAYS, NY",HAMPTON BAYS,NY,SUFFOLK
13783,"HANCOCK, NY",HANCOCK,NY,DELAWARE
12741,"HANKINS, NY",HANKINS,NY,SULLIVAN
12087,"HANNACROIX, NY",HANNACROIX,NY,GREENE
13647,"HANNAWA FALLS, NY",HANNAWA FALLS,NY,SAINT LAWRENCE
13074,"HANNIBAL, NY",HANNIBAL,NY,OSWEGO
13784,"HARFORD, NY",HARFORD,NY,CORTLAND
13786,"HARPERSFIELD, NY",HARPERSFIELD,NY,DELAWARE
13787,"HARPURSVILLE, NY",HARPURSVILLE,NY,BROOME
10926,"HARRIMAN, NY",HARRIMAN,NY,ORANGE
12742,"HARRIS, NY",HARRIS,NY,SULLIVAN
10528,"HARRISON, NY",HARRISON,NY,WESTCHESTER
13648,"HARRISVILLE, NY",HARRISVILLE,NY,LEWIS
12838,"HARTFORD, NY",HARTFORD,NY,WASHINGTON
10530,"HARTSDALE, NY",HARTSDALE,NY,WESTCHESTER
13348,"HARTWICK, NY",HARTWICK,NY,OTSEGO
13076,"HASTINGS, NY",HASTINGS,NY,OSWEGO
10706,"HASTINGS ON HUDSON, NY",HASTINGS ON HUDSON,NY,WESTCHESTER
11788,"HAUPPAUGE, NY",HAUPPAUGE,NY,SUFFOLK
10927,"HAVERSTRAW, NY",HAVERSTRAW,NY,ROCKLAND
10532,"HAWTHORNE, NY",HAWTHORNE,NY,WESTCHESTER
14841,"HECTOR, NY",HECTOR,NY,SCHUYLER
13649,"HELENA, NY",HELENA,NY,SAINT LAWRENCE
14466,"HEMLOCK, NY",HEMLOCK,NY,LIVINGSTON
11549,"HEMPSTEAD, NY",HEMPSTEAD,NY,NASSAU
11550,"HEMPSTEAD, NY",HEMPSTEAD,NY,NASSAU
11551,"HEMPSTEAD, NY",HEMPSTEAD,NY,NASSAU
13650,"HENDERSON, NY",HENDERSON,NY,JEFFERSON
13651,"HENDERSON HARBOR, NY",HENDERSON HARBOR,NY,JEFFERSON
14467,"HENRIETTA, NY",HENRIETTA,NY,MONROE
12439,"HENSONVILLE, NY",HENSONVILLE,NY,GREENE
13350,"HERKIMER, NY",HERKIMER,NY,HERKIMER
13652,"HERMON, NY",HERMON,NY,SAINT LAWRENCE
13654,"HEUVELTON, NY",HEUVELTON,NY,SAINT LAWRENCE
11557,"HEWLETT, NY",HEWLETT,NY,NASSAU
11801,"HICKSVILLE, NY",HICKSVILLE,NY,NASSAU
11802,"HICKSVILLE, NY",HICKSVILLE,NY,NASSAU
11815,"HICKSVILLE, NY",HICKSVILLE,NY,NASSAU
12440,"HIGH FALLS, NY",HIGH FALLS,NY,ULSTER
12528,"HIGHLAND, NY",HIGHLAND,NY,ULSTER
10928,"HIGHLAND FALLS, NY",HIGHLAND FALLS,NY,ORANGE
12743,"HIGHLAND LAKE, NY",HIGHLAND LAKE,NY,SULLIVAN
10930,"HIGHLAND MILLS, NY",HIGHLAND MILLS,NY,ORANGE
12441,"HIGHMOUNT, NY",HIGHMOUNT,NY,ULSTER
10931,"HILLBURN, NY",HILLBURN,NY,ROCKLAND
12529,"HILLSDALE, NY",HILLSDALE,NY,COLUMBIA
14468,"HILTON, NY",HILTON,NY,MONROE
14842,"HIMROD, NY",HIMROD,NY,YATES
13352,"HINCKLEY, NY",HINCKLEY,NY,ONEIDA
14743,"HINSDALE, NY",HINSDALE,NY,CATTARAUGUS
13788,"HOBART, NY",HOBART,NY,DELAWARE
13353,"HOFFMEISTER, NY",HOFFMEISTER,NY,HAMILTON
13655,"HOGANSBURG, NY",HOGANSBURG,NY,FRANKLIN
11741,"HOLBROOK, NY",HOLBROOK,NY,SUFFOLK
14080,"HOLLAND, NY",HOLLAND,NY,ERIE
13354,"HOLLAND PATENT, NY",HOLLAND PATENT,NY,ONEIDA
14470,"HOLLEY, NY",HOLLEY,NY,ORLEANS
11423,"HOLLIS, NY",HOLLIS,NY,QUEENS
12530,"HOLLOWVILLE, NY",HOLLOWVILLE,NY,COLUMBIA
12531,"HOLMES, NY",HOLMES,NY,DUTCHESS
501,"HOLTSVILLE, NY",HOLTSVILLE,NY,SUFFOLK
11742,"HOLTSVILLE, NY",HOLTSVILLE,NY,SUFFOLK
13077,"HOMER, NY",HOMER,NY,CORTLAND
14471,"HONEOYE, NY",HONEOYE,NY,ONTARIO
14472,"HONEOYE FALLS, NY",HONEOYE FALLS,NY,MONROE
12089,"HOOSICK, NY",HOOSICK,NY,RENSSELAER
12090,"HOOSICK FALLS, NY",HOOSICK FALLS,NY,RENSSELAER
12533,"HOPEWELL JUNCTION, NY",HOPEWELL JUNCTION,NY,DUTCHESS
14843,"HORNELL, NY",HORNELL,NY,STEUBEN
14845,"HORSEHEADS, NY",HORSEHEADS,NY,CHEMUNG
12745,"HORTONVILLE, NY",HORTONVILLE,NY,SULLIVAN
14744,"HOUGHTON, NY",HOUGHTON,NY,ALLEGANY
11414,"HOWARD BEACH, NY",HOWARD BEACH,NY,QUEENS
10932,"HOWELLS, NY",HOWELLS,NY,ORANGE
12092,"HOWES CAVE, NY",HOWES CAVE,NY,SCHOHARIE
13355,"HUBBARDSVILLE, NY",HUBBARDSVILLE,NY,MADISON
12534,"HUDSON, NY",HUDSON,NY,COLUMBIA
12839,"HUDSON FALLS, NY",HUDSON FALLS,NY,WASHINGTON
12537,"HUGHSONVILLE, NY",HUGHSONVILLE,NY,DUTCHESS
12746,"HUGUENOT, NY",HUGUENOT,NY,ORANGE
12841,"HULETTS LANDING, NY",HULETTS LANDING,NY,WASHINGTON
14745,"HUME, NY",HUME,NY,ALLEGANY
14846,"HUNT, NY",HUNT,NY,LIVINGSTON
12442,"HUNTER, NY",HUNTER,NY,GREENE
11743,"HUNTINGTON, NY",HUNTINGTON,NY,SUFFOLK
11746,"HUNTINGTON STATION, NY",HUNTINGTON STATION,NY,SUFFOLK
12443,"HURLEY, NY",HURLEY,NY,ULSTER
12747,"HURLEYVILLE, NY",HURLEYVILLE,NY,SULLIVAN
12538,"HYDE PARK, NY",HYDE PARK,NY,DUTCHESS
13357,"ILION, NY",ILION,NY,HERKIMER
12842,"INDIAN LAKE, NY",INDIAN LAKE,NY,HAMILTON
13360,"INLET, NY",INLET,NY,HAMILTON
14847,"INTERLAKEN, NY",INTERLAKEN,NY,SENECA
11096,"INWOOD, NY",INWOOD,NY,NASSAU
14475,"IONIA, NY",IONIA,NY,ONTARIO
14081,"IRVING, NY",IRVING,NY,CHAUTAUQUA
10533,"IRVINGTON, NY",IRVINGTON,NY,WESTCHESTER
11558,"ISLAND PARK, NY",ISLAND PARK,NY,NASSAU
11749,"ISLANDIA, NY",ISLANDIA,NY,SUFFOLK
11751,"ISLIP, NY",ISLIP,NY,SUFFOLK
11752,"ISLIP TERRACE, NY",ISLIP TERRACE,NY,SUFFOLK
14850,"ITHACA, NY",ITHACA,NY,TOMPKINS
14851,"ITHACA, NY",ITHACA,NY,TOMPKINS
14852,"ITHACA, NY",ITHACA,NY,TOMPKINS
14853,"ITHACA, NY",ITHACA,NY,TOMPKINS
11372,"JACKSON HEIGHTS, NY",JACKSON HEIGHTS,NY,QUEENS
14854,"JACKSONVILLE, NY",JACKSONVILLE,NY,TOMPKINS
11405,"JAMAICA, NY",JAMAICA,NY,QUEENS
11424,"JAMAICA, NY",JAMAICA,NY,QUEENS
11425,"JAMAICA, NY",JAMAICA,NY,QUEENS
11430,"JAMAICA, NY",JAMAICA,NY,QUEENS
11431,"JAMAICA, NY",JAMAICA,NY,QUEENS
11432,"JAMAICA, NY",JAMAICA,NY,QUEENS
11433,"JAMAICA, NY",JAMAICA,NY,QUEENS
11434,"JAMAICA, NY",JAMAICA,NY,QUEENS
11435,"JAMAICA, NY",JAMAICA,NY,QUEENS
11436,"JAMAICA, NY",JAMAICA,NY,QUEENS
11439,"JAMAICA, NY",JAMAICA,NY,QUEENS
11451,"JAMAICA, NY",JAMAICA,NY,QUEENS
11947,"JAMESPORT, NY",JAMESPORT,NY,SUFFOLK
14701,"JAMESTOWN, NY",JAMESTOWN,NY,CHAUTAUQUA
14702,"JAMESTOWN, NY",JAMESTOWN,NY,CHAUTAUQUA
13078,"JAMESVILLE, NY",JAMESVILLE,NY,ONONDAGA
14855,"JASPER, NY",JASPER,NY,STEUBEN
14082,"JAVA CENTER, NY",JAVA CENTER,NY,WYOMING
14083,"JAVA VILLAGE, NY",JAVA VILLAGE,NY,WYOMING
12941,"JAY, NY",JAY,NY,ESSEX
12093,"JEFFERSON, NY",JEFFERSON,NY,SCHOHARIE
10535,"JEFFERSON VALLEY, NY",JEFFERSON VALLEY,NY,WESTCHESTER
12748,"JEFFERSONVILLE, NY",JEFFERSONVILLE,NY,SULLIVAN
11753,"JERICHO, NY",JERICHO,NY,NASSAU
11853,"JERICHO, NY",JERICHO,NY,NASSAU
12444,"JEWETT, NY",JEWETT,NY,GREENE
12843,"JOHNSBURG, NY",JOHNSBURG,NY,WARREN
10933,"JOHNSON, NY",JOHNSON,NY,ORANGE
13790,"JOHNSON CITY, NY",JOHNSON CITY,NY,BROOME
12094,"JOHNSONVILLE, NY",JOHNSONVILLE,NY,RENSSELAER
12095,"JOHNSTOWN, NY",JOHNSTOWN,NY,FULTON
13080,"JORDAN, NY",JORDAN,NY,ONONDAGA
13361,"JORDANVILLE, NY",JORDANVILLE,NY,HERKIMER
14856,"KANONA, NY",KANONA,NY,STEUBEN
10536,"KATONAH, NY",KATONAH,NY,WESTCHESTER
12844,"KATTSKILL BAY, NY",KATTSKILL BAY,NY,WARREN
12749,"KAUNEONGA LAKE, NY",KAUNEONGA LAKE,NY,SULLIVAN
12942,"KEENE, NY",KEENE,NY,ESSEX
12943,"KEENE VALLEY, NY",KEENE VALLEY,NY,ESSEX
12911,"KEESEVILLE, NY",KEESEVILLE,NY,CLINTON
12924,"KEESEVILLE, NY",KEESEVILLE,NY,CLINTON
12944,"KEESEVILLE, NY",KEESEVILLE,NY,CLINTON
14476,"KENDALL, NY",KENDALL,NY,ORLEANS
14747,"KENNEDY, NY",KENNEDY,NY,CHAUTAUQUA
12750,"KENOZA LAKE, NY",KENOZA LAKE,NY,SULLIVAN
14477,"KENT, NY",KENT,NY,ORLEANS
12446,"KERHONKSON, NY",KERHONKSON,NY,ULSTER
14478,"KEUKA PARK, NY",KEUKA PARK,NY,YATES
11415,"KEW GARDENS, NY",KEW GARDENS,NY,QUEENS
12751,"KIAMESHA LAKE, NY",KIAMESHA LAKE,NY,SULLIVAN
14748,"KILL BUCK, NY",KILL BUCK,NY,CATTARAUGUS
13794,"KILLAWOG, NY",KILLAWOG,NY,BROOME
12106,"KINDERHOOK, NY",KINDERHOOK,NY,COLUMBIA
13081,"KING FERRY, NY",KING FERRY,NY,CAYUGA
11754,"KINGS PARK, NY",KINGS PARK,NY,SUFFOLK
12401,"KINGSTON, NY",KINGSTON,NY,ULSTER
12402,"KINGSTON, NY",KINGSTON,NY,ULSTER
13082,"KIRKVILLE, NY",KIRKVILLE,NY,ONONDAGA
13795,"KIRKWOOD, NY",KIRKWOOD,NY,BROOME
14479,"KNOWLESVILLE, NY",KNOWLESVILLE,NY,ORLEANS
12107,"KNOX, NY",KNOX,NY,ALBANY
13362,"KNOXBORO, NY",KNOXBORO,NY,ONEIDA
13656,"LA FARGEVILLE, NY",LA FARGEVILLE,NY,JEFFERSON
13084,"LA FAYETTE, NY",LA FAYETTE,NY,ONONDAGA
13083,"LACONA, NY",LACONA,NY,OSWEGO
12540,"LAGRANGEVILLE, NY",LAGRANGEVILLE,NY,DUTCHESS
12945,"LAKE CLEAR, NY",LAKE CLEAR,NY,FRANKLIN
12845,"LAKE GEORGE, NY",LAKE GEORGE,NY,WARREN
11755,"LAKE GROVE, NY",LAKE GROVE,NY,SUFFOLK
12448,"LAKE HILL, NY",LAKE HILL,NY,ULSTER
12752,"LAKE HUNTINGTON, NY",LAKE HUNTINGTON,NY,SULLIVAN
12449,"LAKE KATRINE, NY",LAKE KATRINE,NY,ULSTER
12846,"LAKE LUZERNE, NY",LAKE LUZERNE,NY,WARREN
10537,"LAKE PEEKSKILL, NY",LAKE PEEKSKILL,NY,PUTNAM
12946,"LAKE PLACID, NY",LAKE PLACID,NY,ESSEX
12108,"LAKE PLEASANT, NY",LAKE PLEASANT,NY,HAMILTON
14085,"LAKE VIEW, NY",LAKE VIEW,NY,ERIE
14857,"LAKEMONT, NY",LAKEMONT,NY,YATES
14480,"LAKEVILLE, NY",LAKEVILLE,NY,LIVINGSTON
14750,"LAKEWOOD, NY",LAKEWOOD,NY,CHAUTAUQUA
14086,"LANCASTER, NY",LANCASTER,NY,ERIE
12450,"LANESVILLE, NY",LANESVILLE,NY,GREENE
14882,"LANSING, NY",LANSING,NY,TOMPKINS
10538,"LARCHMONT, NY",LARCHMONT,NY,WESTCHESTER
12110,"LATHAM, NY",LATHAM,NY,ALBANY
11948,"LAUREL, NY",LAUREL,NY,SUFFOLK
13796,"LAURENS, NY",LAURENS,NY,OTSEGO
11559,"LAWRENCE, NY",LAWRENCE,NY,NASSAU
12949,"LAWRENCEVILLE, NY",LAWRENCEVILLE,NY,SAINT LAWRENCE
14091,"LAWTONS, NY",LAWTONS,NY,ERIE
14482,"LE ROY, NY",LE ROY,NY,GENESEE
13363,"LEE CENTER, NY",LEE CENTER,NY,ONEIDA
12451,"LEEDS, NY",LEEDS,NY,GREENE
14481,"LEICESTER, NY",LEICESTER,NY,LIVINGSTON
14751,"LEON, NY",LEON,NY,CATTARAUGUS
13364,"LEONARDSVILLE, NY",LEONARDSVILLE,NY,MADISON
11756,"LEVITTOWN, NY",LEVITTOWN,NY,NASSAU
12950,"LEWIS, NY",LEWIS,NY,ESSEX
14092,"LEWISTON, NY",LEWISTON,NY,NIAGARA
12452,"LEXINGTON, NY",LEXINGTON,NY,GREENE
12754,"LIBERTY, NY",LIBERTY,NY,SULLIVAN
14752,"LILY DALE, NY",LILY DALE,NY,CHAUTAUQUA
14485,"LIMA, NY",LIMA,NY,LIVINGSTON
14753,"LIMESTONE, NY",LIMESTONE,NY,CATTARAUGUS
10540,"LINCOLNDALE, NY",LINCOLNDALE,NY,WESTCHESTER
11757,"LINDENHURST, NY",LINDENHURST,NY,SUFFOLK
14858,"LINDLEY, NY",LINDLEY,NY,STEUBEN
14486,"LINWOOD, NY",LINWOOD,NY,GENESEE
13658,"LISBON, NY",LISBON,NY,SAINT LAWRENCE
13797,"LISLE, NY",LISLE,NY,BROOME
13365,"LITTLE FALLS, NY",LITTLE FALLS,NY,HERKIMER
14754,"LITTLE GENESEE, NY",LITTLE GENESEE,NY,ALLEGANY
11362,"LITTLE NECK, NY",LITTLE NECK,NY,QUEENS
11363,"LITTLE NECK, NY",LITTLE NECK,NY,QUEENS
14755,"LITTLE VALLEY, NY",LITTLE VALLEY,NY,CATTARAUGUS
13087,"LITTLE YORK, NY",LITTLE YORK,NY,CORTLAND
13088,"LIVERPOOL, NY",LIVERPOOL,NY,ONONDAGA
13089,"LIVERPOOL, NY",LIVERPOOL,NY,ONONDAGA
13090,"LIVERPOOL, NY",LIVERPOOL,NY,ONONDAGA
12541,"LIVINGSTON, NY",LIVINGSTON,NY,COLUMBIA
12758,"LIVINGSTON MANOR, NY",LIVINGSTON MANOR,NY,SULLIVAN
14487,"LIVONIA, NY",LIVONIA,NY,LIVINGSTON
12759,"LOCH SHELDRAKE, NY",LOCH SHELDRAKE,NY,SULLIVAN
13092,"LOCKE, NY",LOCKE,NY,CAYUGA
14094,"LOCKPORT, NY",LOCKPORT,NY,NIAGARA
14095,"LOCKPORT, NY",LOCKPORT,NY,NIAGARA
14859,"LOCKWOOD, NY",LOCKWOOD,NY,TIOGA
11560,"LOCUST VALLEY, NY",LOCUST VALLEY,NY,NASSAU
14860,"LODI, NY",LODI,NY,SENECA
11561,"LONG BEACH, NY",LONG BEACH,NY,NASSAU
12760,"LONG EDDY, NY",LONG EDDY,NY,SULLIVAN
11101,"LONG ISLAND CITY, NY",LONG ISLAND CITY,NY,QUEENS
11109,"LONG ISLAND CITY, NY",LONG ISLAND CITY,NY,QUEENS
11120,"LONG ISLAND CITY, NY",LONG ISLAND CITY,NY,QUEENS
12847,"LONG LAKE, NY",LONG LAKE,NY,HAMILTON
13659,"LORRAINE, NY",LORRAINE,NY,JEFFERSON
14861,"LOWMAN, NY",LOWMAN,NY,CHEMUNG
13367,"LOWVILLE, NY",LOWVILLE,NY,LEWIS
13093,"LYCOMING, NY",LYCOMING,NY,OSWEGO
11563,"LYNBROOK, NY",LYNBROOK,NY,NASSAU
14098,"LYNDONVILLE, NY",LYNDONVILLE,NY,ORLEANS
12952,"LYON MOUNTAIN, NY",LYON MOUNTAIN,NY,CLINTON
12955,"LYON MOUNTAIN, NY",LYON MOUNTAIN,NY,CLINTON
14489,"LYONS, NY",LYONS,NY,WAYNE
13368,"LYONS FALLS, NY",LYONS FALLS,NY,LEWIS
14502,"MACEDON, NY",MACEDON,NY,WAYNE
14101,"MACHIAS, NY",MACHIAS,NY,CATTARAUGUS
13402,"MADISON, NY",MADISON,NY,MADISON
13660,"MADRID, NY",MADRID,NY,SAINT LAWRENCE
10541,"MAHOPAC, NY",MAHOPAC,NY,PUTNAM
10542,"MAHOPAC FALLS, NY",MAHOPAC FALLS,NY,PUTNAM
13802,"MAINE, NY",MAINE,NY,BROOME
12453,"MALDEN ON HUDSON, NY",MALDEN ON HUDSON,NY,ULSTER
13103,"MALLORY, NY",MALLORY,NY,OSWEGO
12953,"MALONE, NY",MALONE,NY,FRANKLIN
11565,"MALVERNE, NY",MALVERNE,NY,NASSAU
10543,"MAMARONECK, NY",MAMARONECK,NY,WESTCHESTER
14504,"MANCHESTER, NY",MANCHESTER,NY,ONTARIO
11030,"MANHASSET, NY",MANHASSET,NY,NASSAU
13104,"MANLIUS, NY",MANLIUS,NY,ONONDAGA
13661,"MANNSVILLE, NY",MANNSVILLE,NY,JEFFERSON
11949,"MANORVILLE, NY",MANORVILLE,NY,SUFFOLK
14756,"MAPLE SPRINGS, NY",MAPLE SPRINGS,NY,CHAUTAUQUA
13107,"MAPLE VIEW, NY",MAPLE VIEW,NY,OSWEGO
12454,"MAPLECREST, NY",MAPLECREST,NY,GREENE
13803,"MARATHON, NY",MARATHON,NY,CORTLAND
13108,"MARCELLUS, NY",MARCELLUS,NY,ONONDAGA
13403,"MARCY, NY",MARCY,NY,ONEIDA
12455,"MARGARETVILLE, NY",MARGARETVILLE,NY,DELAWARE
13110,"MARIETTA, NY",MARIETTA,NY,ONONDAGA
14102,"MARILLA, NY",MARILLA,NY,ERIE
14505,"MARION, NY",MARION,NY,WAYNE
12542,"MARLBORO, NY",MARLBORO,NY,ULSTER
13404,"MARTINSBURG, NY",MARTINSBURG,NY,LEWIS
13111,"MARTVILLE, NY",MARTVILLE,NY,CAYUGA
10545,"MARYKNOLL, NY",MARYKNOLL,NY,WESTCHESTER
12116,"MARYLAND, NY",MARYLAND,NY,OTSEGO
13804,"MASONVILLE, NY",MASONVILLE,NY,DELAWARE
11378,"MASPETH, NY",MASPETH,NY,QUEENS
11758,"MASSAPEQUA, NY",MASSAPEQUA,NY,NASSAU
11762,"MASSAPEQUA PARK, NY",MASSAPEQUA PARK,NY,NASSAU
13662,"MASSENA, NY",MASSENA,NY,SAINT LAWRENCE
11950,"MASTIC, NY",MASTIC,NY,SUFFOLK
11951,"MASTIC BEACH, NY",MASTIC BEACH,NY,SUFFOLK
11952,"MATTITUCK, NY",MATTITUCK,NY,SUFFOLK
12543,"MAYBROOK, NY",MAYBROOK,NY,ORANGE
12117,"MAYFIELD, NY",MAYFIELD,NY,FULTON
14757,"MAYVILLE, NY",MAYVILLE,NY,CHAUTAUQUA
13401,"MC CONNELLSVILLE, NY",MC CONNELLSVILLE,NY,ONEIDA
13801,"MC DONOUGH, NY",MC DONOUGH,NY,CHENANGO
13101,"MC GRAW, NY",MC GRAW,NY,CORTLAND
13102,"MC LEAN, NY",MC LEAN,NY,TOMPKINS
12118,"MECHANICVILLE, NY",MECHANICVILLE,NY,SARATOGA
11763,"MEDFORD, NY",MEDFORD,NY,SUFFOLK
14103,"MEDINA, NY",MEDINA,NY,ORLEANS
12120,"MEDUSA, NY",MEDUSA,NY,ALBANY
12544,"MELLENVILLE, NY",MELLENVILLE,NY,COLUMBIA
12121,"MELROSE, NY",MELROSE,NY,RENSSELAER
11747,"MELVILLE, NY",MELVILLE,NY,SUFFOLK
11760,"MELVILLE, NY",MELVILLE,NY,SUFFOLK
13112,"MEMPHIS, NY",MEMPHIS,NY,ONONDAGA
14506,"MENDON, NY",MENDON,NY,MONROE
13113,"MERIDIAN, NY",MERIDIAN,NY,CAYUGA
11566,"MERRICK, NY",MERRICK,NY,NASSAU
13114,"MEXICO, NY",MEXICO,NY,OSWEGO
12848,"MIDDLE FALLS, NY",MIDDLE FALLS,NY,WASHINGTON
12849,"MIDDLE GRANVILLE, NY",MIDDLE GRANVILLE,NY,WASHINGTON
12850,"MIDDLE GROVE, NY",MIDDLE GROVE,NY,SARATOGA
11953,"MIDDLE ISLAND, NY",MIDDLE ISLAND,NY,SUFFOLK
11379,"MIDDLE VILLAGE, NY",MIDDLE VILLAGE,NY,QUEENS
12122,"MIDDLEBURGH, NY",MIDDLEBURGH,NY,SCHOHARIE
14105,"MIDDLEPORT, NY",MIDDLEPORT,NY,NIAGARA
14507,"MIDDLESEX, NY",MIDDLESEX,NY,YATES
10940,"MIDDLETOWN, NY",MIDDLETOWN,NY,ORANGE
10941,"MIDDLETOWN, NY",MIDDLETOWN,NY,ORANGE
13406,"MIDDLEVILLE, NY",MIDDLEVILLE,NY,HERKIMER
13807,"MILFORD, NY",MILFORD,NY,OTSEGO
11765,"MILL NECK, NY",MILL NECK,NY,NASSAU
12545,"MILLBROOK, NY",MILLBROOK,NY,DUTCHESS
11764,"MILLER PLACE, NY",MILLER PLACE,NY,SUFFOLK
12546,"MILLERTON, NY",MILLERTON,NY,DUTCHESS
14864,"MILLPORT, NY",MILLPORT,NY,CHEMUNG
10546,"MILLWOOD, NY",MILLWOOD,NY,WESTCHESTER
12547,"MILTON, NY",MILTON,NY,ULSTER
11501,"MINEOLA, NY",MINEOLA,NY,NASSAU
12851,"MINERVA, NY",MINERVA,NY,ESSEX
13115,"MINETTO, NY",MINETTO,NY,OSWEGO
12956,"MINEVILLE, NY",MINEVILLE,NY,ESSEX
13116,"MINOA, NY",MINOA,NY,ONONDAGA
14107,"MODEL CITY, NY",MODEL CITY,NY,NIAGARA
12548,"MODENA, NY",MODENA,NY,ULSTER
13407,"MOHAWK, NY",MOHAWK,NY,HERKIMER
10547,"MOHEGAN LAKE, NY",MOHEGAN LAKE,NY,WESTCHESTER
12957,"MOIRA, NY",MOIRA,NY,FRANKLIN
12762,"MONGAUP VALLEY, NY",MONGAUP VALLEY,NY,SULLIVAN
10949,"MONROE, NY",MONROE,NY,ORANGE
10950,"MONROE, NY",MONROE,NY,ORANGE
10952,"MONSEY, NY",MONSEY,NY,ROCKLAND
11954,"MONTAUK, NY",MONTAUK,NY,SUFFOLK
13117,"MONTEZUMA, NY",MONTEZUMA,NY,CAYUGA
12549,"MONTGOMERY, NY",MONTGOMERY,NY,ORANGE
12701,"MONTICELLO, NY",MONTICELLO,NY,SULLIVAN
14865,"MONTOUR FALLS, NY",MONTOUR FALLS,NY,SCHUYLER
10548,"MONTROSE, NY",MONTROSE,NY,WESTCHESTER
12958,"MOOERS, NY",MOOERS,NY,CLINTON
12959,"MOOERS FORKS, NY",MOOERS FORKS,NY,CLINTON
13118,"MORAVIA, NY",MORAVIA,NY,CAYUGA
12960,"MORIAH, NY",MORIAH,NY,ESSEX
12961,"MORIAH CENTER, NY",MORIAH CENTER,NY,ESSEX
11955,"MORICHES, NY",MORICHES,NY,SUFFOLK
13808,"MORRIS, NY",MORRIS,NY,OTSEGO
12962,"MORRISONVILLE, NY",MORRISONVILLE,NY,CLINTON
13664,"MORRISTOWN, NY",MORRISTOWN,NY,SAINT LAWRENCE
13408,"MORRISVILLE, NY",MORRISVILLE,NY,MADISON
14508,"MORTON, NY",MORTON,NY,MONROE
13119,"MOTTVILLE, NY",MOTTVILLE,NY,ONONDAGA
10549,"MOUNT KISCO, NY",MOUNT KISCO,NY,WESTCHESTER
12456,"MOUNT MARION, NY",MOUNT MARION,NY,ULSTER
14510,"MOUNT MORRIS, NY",MOUNT MORRIS,NY,LIVINGSTON
11766,"MOUNT SINAI, NY",MOUNT SINAI,NY,SUFFOLK
12457,"MOUNT TREMPER, NY",MOUNT TREMPER,NY,ULSTER
13809,"MOUNT UPTON, NY",MOUNT UPTON,NY,CHENANGO
10550,"MOUNT VERNON, NY",MOUNT VERNON,NY,WESTCHESTER
10551,"MOUNT VERNON, NY",MOUNT VERNON,NY,WESTCHESTER
10552,"MOUNT VERNON, NY",MOUNT VERNON,NY,WESTCHESTER
10553,"MOUNT VERNON, NY",MOUNT VERNON,NY,WESTCHESTER
13810,"MOUNT VISION, NY",MOUNT VISION,NY,OTSEGO
12763,"MOUNTAIN DALE, NY",MOUNTAIN DALE,NY,SULLIVAN
10953,"MOUNTAINVILLE, NY",MOUNTAINVILLE,NY,ORANGE
14511,"MUMFORD, NY",MUMFORD,NY,MONROE
13409,"MUNNSVILLE, NY",MUNNSVILLE,NY,MADISON
10954,"NANUET, NY",NANUET,NY,ROCKLAND
12458,"NAPANOCH, NY",NAPANOCH,NY,ULSTER
14512,"NAPLES, NY",NAPLES,NY,ONTARIO
12764,"NARROWSBURG, NY",NARROWSBURG,NY,SULLIVAN
12123,"NASSAU, NY",NASSAU,NY,RENSSELAER
13665,"NATURAL BRIDGE, NY",NATURAL BRIDGE,NY,JEFFERSON
13120,"NEDROW, NY",NEDROW,NY,ONONDAGA
13410,"NELLISTON, NY",NELLISTON,NY,MONTGOMERY
11767,"NESCONSET, NY",NESCONSET,NY,SUFFOLK
12765,"NEVERSINK, NY",NEVERSINK,NY,SULLIVAN
12124,"NEW BALTIMORE, NY",NEW BALTIMORE,NY,GREENE
13411,"NEW BERLIN, NY",NEW BERLIN,NY,CHENANGO
10956,"NEW CITY, NY",NEW CITY,NY,ROCKLAND
10958,"NEW HAMPTON, NY",NEW HAMPTON,NY,ORANGE
13413,"NEW HARTFORD, NY",NEW HARTFORD,NY,ONEIDA
13121,"NEW HAVEN, NY",NEW HAVEN,NY,OSWEGO
11040,"NEW HYDE PARK, NY",NEW HYDE PARK,NY,NASSAU
11042,"NEW HYDE PARK, NY",NEW HYDE PARK,NY,NASSAU
12459,"NEW KINGSTON, NY",NEW KINGSTON,NY,DELAWARE
12125,"NEW LEBANON, NY",NEW LEBANON,NY,COLUMBIA
10959,"NEW MILFORD, NY",NEW MILFORD,NY,ORANGE
12561,"NEW PALTZ, NY",NEW PALTZ,NY,ULSTER
10801,"NEW ROCHELLE, NY",NEW ROCHELLE,NY,WESTCHESTER
10802,"NEW ROCHELLE, NY",NEW ROCHELLE,NY,WESTCHESTER
10804,"NEW ROCHELLE, NY",NEW ROCHELLE,NY,WESTCHESTER
10805,"NEW ROCHELLE, NY",NEW ROCHELLE,NY,WESTCHESTER
12964,"NEW RUSSIA, NY",NEW RUSSIA,NY,ESSEX
11956,"NEW SUFFOLK, NY",NEW SUFFOLK,NY,SUFFOLK
12553,"NEW WINDSOR, NY",NEW WINDSOR,NY,ORANGE
13122,"NEW WOODSTOCK, NY",NEW WOODSTOCK,NY,MADISON
10001,"NEW YORK, NY",NEW YORK,NY,NEW YORK
10002,"NEW YORK, NY",NEW YORK,NY,NEW YORK
10003,"NEW YORK, NY",NEW YORK,NY,NEW YORK
10004,"NEW YORK, NY",NEW YORK,NY,NEW YORK
10005,"NEW YORK, NY",NEW YORK,NY,NEW YORK
10006,"NEW YORK, NY",NEW YORK,NY,NEW YORK
10007,"NEW YORK, NY",NEW YORK,NY,NEW YORK
10008,"NEW YORK, NY",NEW YORK,NY,NEW YORK
10009,"NEW YORK, NY",NEW YORK,NY,NEW YORK
10010,"NEW YORK, NY",NEW YORK,NY,NEW YORK
10011,"NEW YORK, NY",NEW YORK,NY,NEW YORK
10012,"NEW YORK, NY",NEW YORK,NY,NEW YORK
10013,"NEW YORK, NY",NEW YORK,NY,NEW YORK
10014,"NEW YORK, NY",NEW YORK,NY,NEW YORK
10016,"NEW YORK, NY",NEW YORK,NY,NEW YORK
10017,"NEW YORK, NY",NEW YORK,NY,NEW YORK
10018,"NEW YORK, NY",NEW YORK,NY,NEW YORK
10019,"NEW YORK, NY",NEW YORK,NY,NEW YORK
10020,"NEW YORK, NY",NEW YORK,NY,NEW YORK
10021,"NEW YORK, NY",NEW YORK,NY,NEW YORK
10022,"NEW YORK, NY",NEW YORK,NY,NEW YORK
10023,"NEW YORK, NY",NEW YORK,NY,NEW YORK
10024,"NEW YORK, NY",NEW YORK,NY,NEW YORK
10025,"NEW YORK, NY",NEW YORK,NY,NEW YORK
10026,"NEW YORK, NY",NEW YORK,NY,NEW YORK
10027,"NEW YORK, NY",NEW YORK,NY,NEW YORK
10028,"NEW YORK, NY",NEW YORK,NY,NEW YORK
10029,"NEW YORK, NY",NEW YORK,NY,NEW YORK
10030,"NEW YORK, NY",NEW YORK,NY,NEW YORK
10031,"NEW YORK, NY",NEW YORK,NY,NEW YORK
10032,"NEW YORK, NY",NEW YORK,NY,NEW YORK
10033,"NEW YORK, NY",NEW YORK,NY,NEW YORK
10034,"NEW YORK, NY",NEW YORK,NY,NEW YORK
10035,"NEW YORK, NY",NEW YORK,NY,NEW YORK
10036,"NEW YORK, NY",NEW YORK,NY,NEW YORK
10037,"NEW YORK, NY",NEW YORK,NY,NEW YORK
10038,"NEW YORK, NY",NEW YORK,NY,NEW YORK
10039,"NEW YORK, NY",NEW YORK,NY,NEW YORK
10040,"NEW YORK, NY",NEW YORK,NY,NEW YORK
10041,"NEW YORK, NY",NEW YORK,NY,NEW YORK
10043,"NEW YORK, NY",NEW YORK,NY,NEW YORK
10044,"NEW YORK, NY",NEW YORK,NY,NEW YORK
10045,"NEW YORK, NY",NEW YORK,NY,NEW YORK
10055,"NEW YORK, NY",NEW YORK,NY,NEW YORK
10065,"NEW YORK, NY",NEW YORK,NY,NEW YORK
10069,"NEW YORK, NY",NEW YORK,NY,NEW YORK
10075,"NEW YORK, NY",NEW YORK,NY,NEW YORK
10080,"NEW YORK, NY",NEW YORK,NY,NEW YORK
10081,"NEW YORK, NY",NEW YORK,NY,NEW YORK
10087,"NEW YORK, NY",NEW YORK,NY,NEW YORK
10090,"NEW YORK, NY",NEW YORK,NY,NEW YORK
10101,"NEW YORK, NY",NEW YORK,NY,NEW YORK
10102,"NEW YORK, NY",NEW YORK,NY,NEW YORK
10103,"NEW YORK, NY",NEW YORK,NY,NEW YORK
10104,"NEW YORK, NY",NEW YORK,NY,NEW YORK
10105,"NEW YORK, NY",NEW YORK,NY,NEW YORK
10106,"NEW YORK, NY",NEW YORK,NY,NEW YORK
10107,"NEW YORK, NY",NEW YORK,NY,NEW YORK
10108,"NEW YORK, NY",NEW YORK,NY,NEW YORK
10110,"NEW YORK, NY",NEW YORK,NY,NEW YORK
10111,"NEW YORK, NY",NEW YORK,NY,NEW YORK
10112,"NEW YORK, NY",NEW YORK,NY,NEW YORK
10113,"NEW YORK, NY",NEW YORK,NY,NEW YORK
10114,"NEW YORK, NY",NEW YORK,NY,NEW YORK
10115,"NEW YORK, NY",NEW YORK,NY,NEW YORK
10116,"NEW YORK, NY",NEW YORK,NY,NEW YORK
10117,"NEW YORK, NY",NEW YORK,NY,NEW YORK
10118,"NEW YORK, NY",NEW YORK,NY,NEW YORK
10119,"NEW YORK, NY",NEW YORK,NY,NEW YORK
10120,"NEW YORK, NY",NEW YORK,NY,NEW YORK
10121,"NEW YORK, NY",NEW YORK,NY,NEW YORK
10122,"NEW YORK, NY",NEW YORK,NY,NEW YORK
10123,"NEW YORK, NY",NEW YORK,NY,NEW YORK
10124,"NEW YORK, NY",NEW YORK,NY,NEW YORK
10125,"NEW YORK, NY",NEW YORK,NY,NEW YORK
10126,"NEW YORK, NY",NEW YORK,NY,NEW YORK
10128,"NEW YORK, NY",NEW YORK,NY,NEW YORK
10129,"NEW YORK, NY",NEW YORK,NY,NEW YORK
10138,"NEW YORK, NY",NEW YORK,NY,NEW YORK
10150,"NEW YORK, NY",NEW YORK,NY,NEW YORK
10151,"NEW YORK, NY",NEW YORK,NY,NEW YORK
10152,"NEW YORK, NY",NEW YORK,NY,NEW YORK
10153,"NEW YORK, NY",NEW YORK,NY,NEW YORK
10154,"NEW YORK, NY",NEW YORK,NY,NEW YORK
10155,"NEW YORK, NY",NEW YORK,NY,NEW YORK
10156,"NEW YORK, NY",NEW YORK,NY,NEW YORK
10158,"NEW YORK, NY",NEW YORK,NY,NEW YORK
10159,"NEW YORK, NY",NEW YORK,NY,NEW YORK
10160,"NEW YORK, NY",NEW YORK,NY,NEW YORK
10162,"NEW YORK, NY",NEW YORK,NY,NEW YORK
10163,"NEW YORK, NY",NEW YORK,NY,NEW YORK
10164,"NEW YORK, NY",NEW YORK,NY,NEW YORK
10165,"NEW YORK, NY",NEW YORK,NY,NEW YORK
10166,"NEW YORK, NY",NEW YORK,NY,NEW YORK
10167,"NEW YORK, NY",NEW YORK,NY,NEW YORK
10168,"NEW YORK, NY",NEW YORK,NY,NEW YORK
10169,"NEW YORK, NY",NEW YORK,NY,NEW YORK
10170,"NEW YORK, NY",NEW YORK,NY,NEW YORK
10171,"NEW YORK, NY",NEW YORK,NY,NEW YORK
10172,"NEW YORK, NY",NEW YORK,NY,NEW YORK
10173,"NEW YORK, NY",NEW YORK,NY,NEW YORK
10174,"NEW YORK, NY",NEW YORK,NY,NEW YORK
10175,"NEW YORK, NY",NEW YORK,NY,NEW YORK
10176,"NEW YORK, NY",NEW YORK,NY,NEW YORK
10177,"NEW YORK, NY",NEW YORK,NY,NEW YORK
10178,"NEW YORK, NY",NEW YORK,NY,NEW YORK
10179,"NEW YORK, NY",NEW YORK,NY,NEW YORK
10185,"NEW YORK, NY",NEW YORK,NY,NEW YORK
10199,"NEW YORK, NY",NEW YORK,NY,NEW YORK
10203,"NEW YORK, NY",NEW YORK,NY,NEW YORK
10212,"NEW YORK, NY",NEW YORK,NY,NEW YORK
10261,"NEW YORK, NY",NEW YORK,NY,NEW YORK
10265,"NEW YORK, NY",NEW YORK,NY,NEW YORK
10268,"NEW YORK, NY",NEW YORK,NY,NEW YORK
10270,"NEW YORK, NY",NEW YORK,NY,NEW YORK
10271,"NEW YORK, NY",NEW YORK,NY,NEW YORK
10272,"NEW YORK, NY",NEW YORK,NY,NEW YORK
10274,"NEW YORK, NY",NEW YORK,NY,NEW YORK
10276,"NEW YORK, NY",NEW YORK,NY,NEW YORK
10278,"NEW YORK, NY",NEW YORK,NY,NEW YORK
10279,"NEW YORK, NY",NEW YORK,NY,NEW YORK
10280,"NEW YORK, NY",NEW YORK,NY,NEW YORK
10281,"NEW YORK, NY",NEW YORK,NY,NEW YORK
10282,"NEW YORK, NY",NEW YORK,NY,NEW YORK
10285,"NEW YORK, NY",NEW YORK,NY,NEW YORK
10286,"NEW YORK, NY",NEW YORK,NY,NEW YORK
10292,"NEW YORK, NY",NEW YORK,NY,NEW YORK
13417,"NEW YORK MILLS, NY",NEW YORK MILLS,NY,ONEIDA
14513,"NEWARK, NY",NEWARK,NY,WAYNE
13811,"NEWARK VALLEY, NY",NEWARK VALLEY,NY,TIOGA
12550,"NEWBURGH, NY",NEWBURGH,NY,ORANGE
12551,"NEWBURGH, NY",NEWBURGH,NY,ORANGE
12552,"NEWBURGH, NY",NEWBURGH,NY,ORANGE
12555,"NEWBURGH, NY",NEWBURGH,NY,ORANGE
12852,"NEWCOMB, NY",NEWCOMB,NY,ESSEX
14108,"NEWFANE, NY",NEWFANE,NY,NIAGARA
14867,"NEWFIELD, NY",NEWFIELD,NY,TOMPKINS
13416,"NEWPORT, NY",NEWPORT,NY,HERKIMER
13666,"NEWTON FALLS, NY",NEWTON FALLS,NY,SAINT LAWRENCE
12128,"NEWTONVILLE, NY",NEWTONVILLE,NY,ALBANY
14301,"NIAGARA FALLS, NY",NIAGARA FALLS,NY,NIAGARA
14302,"NIAGARA FALLS, NY",NIAGARA FALLS,NY,NIAGARA
14303,"NIAGARA FALLS, NY",NIAGARA FALLS,NY,NIAGARA
14304,"NIAGARA FALLS, NY",NIAGARA FALLS,NY,NIAGARA
14305,"NIAGARA FALLS, NY",NIAGARA FALLS,NY,NIAGARA
14109,"NIAGARA UNIVERSITY, NY",NIAGARA UNIVERSITY,NY,NIAGARA
13812,"NICHOLS, NY",NICHOLS,NY,TIOGA
12965,"NICHOLVILLE, NY",NICHOLVILLE,NY,SAINT LAWRENCE
13813,"NINEVEH, NY",NINEVEH,NY,BROOME
12130,"NIVERVILLE, NY",NIVERVILLE,NY,COLUMBIA
13667,"NORFOLK, NY",NORFOLK,NY,SAINT LAWRENCE
11703,"NORTH BABYLON, NY",NORTH BABYLON,NY,SUFFOLK
12966,"NORTH BANGOR, NY",NORTH BANGOR,NY,FRANKLIN
13123,"NORTH BAY, NY",NORTH BAY,NY,ONEIDA
12131,"NORTH BLENHEIM, NY",NORTH BLENHEIM,NY,SCHOHARIE
14110,"NORTH BOSTON, NY",NORTH BOSTON,NY,ERIE
12766,"NORTH BRANCH, NY",NORTH BRANCH,NY,SULLIVAN
13418,"NORTH BROOKFIELD, NY",NORTH BROOKFIELD,NY,MADISON
12132,"NORTH CHATHAM, NY",NORTH CHATHAM,NY,COLUMBIA
14514,"NORTH CHILI, NY",NORTH CHILI,NY,MONROE
14111,"NORTH COLLINS, NY",NORTH COLLINS,NY,ERIE
12853,"NORTH CREEK, NY",NORTH CREEK,NY,WARREN
14112,"NORTH EVANS, NY",NORTH EVANS,NY,ERIE
12854,"NORTH GRANVILLE, NY",NORTH GRANVILLE,NY,WASHINGTON
14515,"NORTH GREECE, NY",NORTH GREECE,NY,MONROE
12133,"NORTH HOOSICK, NY",NORTH HOOSICK,NY,RENSSELAER
12855,"NORTH HUDSON, NY",NORTH HUDSON,NY,ESSEX
14113,"NORTH JAVA, NY",NORTH JAVA,NY,WYOMING
12967,"NORTH LAWRENCE, NY",NORTH LAWRENCE,NY,SAINT LAWRENCE
13814,"NORTH NORWICH, NY",NORTH NORWICH,NY,CHENANGO
13124,"NORTH PITCHER, NY",NORTH PITCHER,NY,CHENANGO
12856,"NORTH RIVER, NY",NORTH RIVER,NY,WARREN
14516,"NORTH ROSE, NY",NORTH ROSE,NY,WAYNE
10560,"NORTH SALEM, NY",NORTH SALEM,NY,WESTCHESTER
14120,"NORTH TONAWANDA, NY",NORTH TONAWANDA,NY,NIAGARA
11768,"NORTHPORT, NY",NORTHPORT,NY,SUFFOLK
12134,"NORTHVILLE, NY",NORTHVILLE,NY,FULTON
13815,"NORWICH, NY",NORWICH,NY,CHENANGO
13668,"NORWOOD, NY",NORWOOD,NY,SAINT LAWRENCE
14517,"NUNDA, NY",NUNDA,NY,LIVINGSTON
10960,"NYACK, NY",NYACK,NY,ROCKLAND
12460,"OAK HILL, NY",OAK HILL,NY,GREENE
11769,"OAKDALE, NY",OAKDALE,NY,SUFFOLK
14125,"OAKFIELD, NY",OAKFIELD,NY,GENESEE
11364,"OAKLAND GARDENS, NY",OAKLAND GARDENS,NY,QUEENS
14518,"OAKS CORNERS, NY",OAKS CORNERS,NY,ONTARIO
12767,"OBERNBURG, NY",OBERNBURG,NY,SULLIVAN
11770,"OCEAN BEACH, NY",OCEAN BEACH,NY,SUFFOLK
11572,"OCEANSIDE, NY",OCEANSIDE,NY,NASSAU
14869,"ODESSA, NY",ODESSA,NY,SCHUYLER
13669,"OGDENSBURG, NY",OGDENSBURG,NY,SAINT LAWRENCE
14126,"OLCOTT, NY",OLCOTT,NY,NIAGARA
11804,"OLD BETHPAGE, NY",OLD BETHPAGE,NY,NASSAU
12136,"OLD CHATHAM, NY",OLD CHATHAM,NY,COLUMBIA
13420,"OLD FORGE, NY",OLD FORGE,NY,HERKIMER
11568,"OLD WESTBURY, NY",OLD WESTBURY,NY,NASSAU
14760,"OLEAN, NY",OLEAN,NY,CATTARAUGUS
12461,"OLIVEBRIDGE, NY",OLIVEBRIDGE,NY,ULSTER
12857,"OLMSTEDVILLE, NY",OLMSTEDVILLE,NY,ESSEX
13421,"ONEIDA, NY",ONEIDA,NY,MADISON
13820,"ONEONTA, NY",ONEONTA,NY,OTSEGO
14519,"ONTARIO, NY",ONTARIO,NY,WAYNE
14520,"ONTARIO CENTER, NY",ONTARIO CENTER,NY,WAYNE
10962,"ORANGEBURG, NY",ORANGEBURG,NY,ROCKLAND
14127,"ORCHARD PARK, NY",ORCHARD PARK,NY,ERIE
11957,"ORIENT, NY",ORIENT,NY,SUFFOLK
13424,"ORISKANY, NY",ORISKANY,NY,ONEIDA
13425,"ORISKANY FALLS, NY",ORISKANY FALLS,NY,ONEIDA
13426,"ORWELL, NY",ORWELL,NY,OSWEGO
10562,"OSSINING, NY",OSSINING,NY,WESTCHESTER
13670,"OSWEGATCHIE, NY",OSWEGATCHIE,NY,SAINT LAWRENCE
13126,"OSWEGO, NY",OSWEGO,NY,OSWEGO
13825,"OTEGO, NY",OTEGO,NY,OTSEGO
10963,"OTISVILLE, NY",OTISVILLE,NY,ORANGE
14766,"OTTO, NY",OTTO,NY,CATTARAUGUS
13826,"OUAQUAGA, NY",OUAQUAGA,NY,BROOME
14521,"OVID, NY",OVID,NY,SENECA
13827,"OWEGO, NY",OWEGO,NY,TIOGA
12969,"OWLS HEAD, NY",OWLS HEAD,NY,FRANKLIN
13671,"OXBOW, NY",OXBOW,NY,JEFFERSON
13830,"OXFORD, NY",OXFORD,NY,CHENANGO
11771,"OYSTER BAY, NY",OYSTER BAY,NY,NASSAU
11416,"OZONE PARK, NY",OZONE PARK,NY,QUEENS
11417,"OZONE PARK, NY",OZONE PARK,NY,QUEENS
14870,"PAINTED POST, NY",PAINTED POST,NY,STEUBEN
13428,"PALATINE BRIDGE, NY",PALATINE BRIDGE,NY,MONTGOMERY
12463,"PALENVILLE, NY",PALENVILLE,NY,GREENE
10964,"PALISADES, NY",PALISADES,NY,ROCKLAND
14522,"PALMYRA, NY",PALMYRA,NY,WAYNE
14767,"PANAMA, NY",PANAMA,NY,CHAUTAUQUA
12858,"PARADOX, NY",PARADOX,NY,ESSEX
13131,"PARISH, NY",PARISH,NY,OSWEGO
13672,"PARISHVILLE, NY",PARISHVILLE,NY,SAINT LAWRENCE
12768,"PARKSVILLE, NY",PARKSVILLE,NY,SULLIVAN
11772,"PATCHOGUE, NY",PATCHOGUE,NY,SUFFOLK
12563,"PATTERSON, NY",PATTERSON,NY,PUTNAM
12137,"PATTERSONVILLE, NY",PATTERSONVILLE,NY,SCHENECTADY
12970,"PAUL SMITHS, NY",PAUL SMITHS,NY,FRANKLIN
14525,"PAVILION, NY",PAVILION,NY,GENESEE
12564,"PAWLING, NY",PAWLING,NY,DUTCHESS
10965,"PEARL RIVER, NY",PEARL RIVER,NY,ROCKLAND
11958,"PECONIC, NY",PECONIC,NY,SUFFOLK
10566,"PEEKSKILL, NY",PEEKSKILL,NY,WESTCHESTER
10803,"PELHAM, NY",PELHAM,NY,WESTCHESTER
14526,"PENFIELD, NY",PENFIELD,NY,MONROE
14527,"PENN YAN, NY",PENN YAN,NY,YATES
13132,"PENNELLVILLE, NY",PENNELLVILLE,NY,OSWEGO
14529,"PERKINSVILLE, NY",PERKINSVILLE,NY,STEUBEN
14530,"PERRY, NY",PERRY,NY,WYOMING
14129,"PERRYSBURG, NY",PERRYSBURG,NY,CATTARAUGUS
12972,"PERU, NY",PERU,NY,CLINTON
12138,"PETERSBURG, NY",PETERSBURG,NY,RENSSELAER
14532,"PHELPS, NY",PHELPS,NY,ONTARIO
13673,"PHILADELPHIA, NY",PHILADELPHIA,NY,JEFFERSON
12769,"PHILLIPSPORT, NY",PHILLIPSPORT,NY,SULLIVAN
12565,"PHILMONT, NY",PHILMONT,NY,COLUMBIA
12464,"PHOENICIA, NY",PHOENICIA,NY,ULSTER
13135,"PHOENIX, NY",PHOENIX,NY,OSWEGO
12973,"PIERCEFIELD, NY",PIERCEFIELD,NY,SAINT LAWRENCE
10968,"PIERMONT, NY",PIERMONT,NY,ROCKLAND
13674,"PIERREPONT MANOR, NY",PIERREPONT MANOR,NY,JEFFERSON
14533,"PIFFARD, NY",PIFFARD,NY,LIVINGSTON
14130,"PIKE, NY",PIKE,NY,WYOMING
12566,"PINE BUSH, NY",PINE BUSH,NY,ORANGE
14871,"PINE CITY, NY",PINE CITY,NY,CHEMUNG
12465,"PINE HILL, NY",PINE HILL,NY,ULSTER
10969,"PINE ISLAND, NY",PINE ISLAND,NY,ORANGE
12567,"PINE PLAINS, NY",PINE PLAINS,NY,DUTCHESS
14872,"PINE VALLEY, NY",PINE VALLEY,NY,CHEMUNG
12139,"PISECO, NY",PISECO,NY,HAMILTON
13136,"PITCHER, NY",PITCHER,NY,CHENANGO
14534,"PITTSFORD, NY",PITTSFORD,NY,MONROE
11803,"PLAINVIEW, NY",PLAINVIEW,NY,NASSAU
13137,"PLAINVILLE, NY",PLAINVILLE,NY,ONONDAGA
12568,"PLATTEKILL, NY",PLATTEKILL,NY,ULSTER
12901,"PLATTSBURGH, NY",PLATTSBURGH,NY,CLINTON
12903,"PLATTSBURGH, NY",PLATTSBURGH,NY,CLINTON
12569,"PLEASANT VALLEY, NY",PLEASANT VALLEY,NY,DUTCHESS
10570,"PLEASANTVILLE, NY",PLEASANTVILLE,NY,WESTCHESTER
13675,"PLESSIS, NY",PLESSIS,NY,JEFFERSON
13832,"PLYMOUTH, NY",PLYMOUTH,NY,CHENANGO
12140,"POESTENKILL, NY",POESTENKILL,NY,RENSSELAER
11569,"POINT LOOKOUT, NY",POINT LOOKOUT,NY,NASSAU
13431,"POLAND, NY",POLAND,NY,HERKIMER
10970,"POMONA, NY",POMONA,NY,ROCKLAND
13138,"POMPEY, NY",POMPEY,NY,ONONDAGA
12770,"POND EDDY, NY",POND EDDY,NY,SULLIVAN
13139,"POPLAR RIDGE, NY",POPLAR RIDGE,NY,CAYUGA
13140,"PORT BYRON, NY",PORT BYRON,NY,CAYUGA
10573,"PORT CHESTER, NY",PORT CHESTER,NY,WESTCHESTER
13833,"PORT CRANE, NY",PORT CRANE,NY,BROOME
12466,"PORT EWEN, NY",PORT EWEN,NY,ULSTER
14537,"PORT GIBSON, NY",PORT GIBSON,NY,ONTARIO
12974,"PORT HENRY, NY",PORT HENRY,NY,ESSEX
11777,"PORT JEFFERSON, NY",PORT JEFFERSON,NY,SUFFOLK
11776,"PORT JEFFERSON STATION, NY",PORT JEFFERSON STATION,NY,SUFFOLK
12771,"PORT JERVIS, NY",PORT JERVIS,NY,SULLIVAN
12975,"PORT KENT, NY",PORT KENT,NY,ESSEX
13433,"PORT LEYDEN, NY",PORT LEYDEN,NY,LEWIS
11050,"PORT WASHINGTON, NY",PORT WASHINGTON,NY,NASSAU
11051,"PORT WASHINGTON, NY",PORT WASHINGTON,NY,NASSAU
11055,"PORT WASHINGTON, NY",PORT WASHINGTON,NY,NASSAU
14536,"PORTAGEVILLE, NY",PORTAGEVILLE,NY,WYOMING
12859,"PORTER CORNERS, NY",PORTER CORNERS,NY,SARATOGA
14769,"PORTLAND, NY",PORTLAND,NY,CHAUTAUQUA
13834,"PORTLANDVILLE, NY",PORTLANDVILLE,NY,OTSEGO
14770,"PORTVILLE, NY",PORTVILLE,NY,CATTARAUGUS
13676,"POTSDAM, NY",POTSDAM,NY,SAINT LAWRENCE
13699,"POTSDAM, NY",POTSDAM,NY,SAINT LAWRENCE
12860,"POTTERSVILLE, NY",POTTERSVILLE,NY,WARREN
12601,"POUGHKEEPSIE, NY",POUGHKEEPSIE,NY,DUTCHESS
12602,"POUGHKEEPSIE, NY",POUGHKEEPSIE,NY,DUTCHESS
12603,"POUGHKEEPSIE, NY",POUGHKEEPSIE,NY,DUTCHESS
12604,"POUGHKEEPSIE, NY",POUGHKEEPSIE,NY,DUTCHESS
12570,"POUGHQUAG, NY",POUGHQUAG,NY,DUTCHESS
10576,"POUND RIDGE, NY",POUND RIDGE,NY,WESTCHESTER
14873,"PRATTSBURGH, NY",PRATTSBURGH,NY,STEUBEN
12468,"PRATTSVILLE, NY",PRATTSVILLE,NY,GREENE
13141,"PREBLE, NY",PREBLE,NY,CORTLAND
12469,"PRESTON HOLLOW, NY",PRESTON HOLLOW,NY,ALBANY
13435,"PROSPECT, NY",PROSPECT,NY,ONEIDA
13142,"PULASKI, NY",PULASKI,NY,OSWEGO
14874,"PULTENEY, NY",PULTENEY,NY,STEUBEN
14538,"PULTNEYVILLE, NY",PULTNEYVILLE,NY,WAYNE
10577,"PURCHASE, NY",PURCHASE,NY,WESTCHESTER
10578,"PURDYS, NY",PURDYS,NY,WESTCHESTER
12470,"PURLING, NY",PURLING,NY,GREENE
12861,"PUTNAM STATION, NY",PUTNAM STATION,NY,WASHINGTON
10579,"PUTNAM VALLEY, NY",PUTNAM VALLEY,NY,PUTNAM
12141,"QUAKER STREET, NY",QUAKER STREET,NY,SCHENECTADY
11427,"QUEENS VILLAGE, NY",QUEENS VILLAGE,NY,QUEENS
11428,"QUEENS VILLAGE, NY",QUEENS VILLAGE,NY,QUEENS
11429,"QUEENS VILLAGE, NY",QUEENS VILLAGE,NY,QUEENS
12804,"QUEENSBURY, NY",QUEENSBURY,NY,WARREN
11959,"QUOGUE, NY",QUOGUE,NY,SUFFOLK
12976,"RAINBOW LAKE, NY",RAINBOW LAKE,NY,FRANKLIN
14772,"RANDOLPH, NY",RANDOLPH,NY,CATTARAUGUS
14131,"RANSOMVILLE, NY",RANSOMVILLE,NY,NIAGARA
13436,"RAQUETTE LAKE, NY",RAQUETTE LAKE,NY,HAMILTON
12143,"RAVENA, NY",RAVENA,NY,ALBANY
12977,"RAY BROOK, NY",RAY BROOK,NY,ESSEX
13678,"RAYMONDVILLE, NY",RAYMONDVILLE,NY,SAINT LAWRENCE
14876,"READING CENTER, NY",READING CENTER,NY,SCHUYLER
13143,"RED CREEK, NY",RED CREEK,NY,WAYNE
12571,"RED HOOK, NY",RED HOOK,NY,DUTCHESS
13437,"REDFIELD, NY",REDFIELD,NY,OSWEGO
12978,"REDFORD, NY",REDFORD,NY,CLINTON
13679,"REDWOOD, NY",REDWOOD,NY,JEFFERSON
11374,"REGO PARK, NY",REGO PARK,NY,QUEENS
13438,"REMSEN, NY",REMSEN,NY,ONEIDA
11960,"REMSENBURG, NY",REMSENBURG,NY,SUFFOLK
12144,"RENSSELAER, NY",RENSSELAER,NY,RENSSELAER
13680,"RENSSELAER FALLS, NY",RENSSELAER FALLS,NY,SAINT LAWRENCE
12147,"RENSSELAERVILLE, NY",RENSSELAERVILLE,NY,ALBANY
14539,"RETSOF, NY",RETSOF,NY,LIVINGSTON
12148,"REXFORD, NY",REXFORD,NY,SARATOGA
14877,"REXVILLE, NY",REXVILLE,NY,STEUBEN
12572,"RHINEBECK, NY",RHINEBECK,NY,DUTCHESS
12574,"RHINECLIFF, NY",RHINECLIFF,NY,DUTCHESS
14774,"RICHBURG, NY",RICHBURG,NY,ALLEGANY
13439,"RICHFIELD SPRINGS, NY",RICHFIELD SPRINGS,NY,OTSEGO
13835,"RICHFORD, NY",RICHFORD,NY,TIOGA
13144,"RICHLAND, NY",RICHLAND,NY,OSWEGO
11418,"RICHMOND HILL, NY",RICHMOND HILL,NY,QUEENS
12149,"RICHMONDVILLE, NY",RICHMONDVILLE,NY,SCHOHARIE
13681,"RICHVILLE, NY",RICHVILLE,NY,SAINT LAWRENCE
11961,"RIDGE, NY",RIDGE,NY,SUFFOLK
11385,"RIDGEWOOD, NY",RIDGEWOOD,NY,QUEENS
11386,"RIDGEWOOD, NY",RIDGEWOOD,NY,QUEENS
12471,"RIFTON, NY",RIFTON,NY,ULSTER
12862,"RIPARIUS, NY",RIPARIUS,NY,WARREN
14775,"RIPLEY, NY",RIPLEY,NY,CHAUTAUQUA
11901,"RIVERHEAD, NY",RIVERHEAD,NY,SUFFOLK
14602,"ROCHESTER, NY",ROCHESTER,NY,MONROE
14603,"ROCHESTER, NY",ROCHESTER,NY,MONROE
14604,"ROCHESTER, NY",ROCHESTER,NY,MONROE
14605,"ROCHESTER, NY",ROCHESTER,NY,MONROE
14606,"ROCHESTER, NY",ROCHESTER,NY,MONROE
14607,"ROCHESTER, NY",ROCHESTER,NY,MONROE
14608,"ROCHESTER, NY",ROCHESTER,NY,MONROE
14609,"ROCHESTER, NY",ROCHESTER,NY,MONROE
14610,"ROCHESTER, NY",ROCHESTER,NY,MONROE
14611,"ROCHESTER, NY",ROCHESTER,NY,MONROE
14612,"ROCHESTER, NY",ROCHESTER,NY,MONROE
14613,"ROCHESTER, NY",ROCHESTER,NY,MONROE
14614,"ROCHESTER, NY",ROCHESTER,NY,MONROE
14615,"ROCHESTER, NY",ROCHESTER,NY,MONROE
14616,"ROCHESTER, NY",ROCHESTER,NY,MONROE
14617,"ROCHESTER, NY",ROCHESTER,NY,MONROE
14618,"ROCHESTER, NY",ROCHESTER,NY,MONROE
14619,"ROCHESTER, NY",ROCHESTER,NY,MONROE
14620,"ROCHESTER, NY",ROCHESTER,NY,MONROE
14621,"ROCHESTER, NY",ROCHESTER,NY,MONROE
14622,"ROCHESTER, NY",ROCHESTER,NY,MONROE
14623,"ROCHESTER, NY",ROCHESTER,NY,MONROE
14624,"ROCHESTER, NY",ROCHESTER,NY,MONROE
14625,"ROCHESTER, NY",ROCHESTER,NY,MONROE
14626,"ROCHESTER, NY",ROCHESTER,NY,MONROE
14627,"ROCHESTER, NY",ROCHESTER,NY,MONROE
14638,"ROCHESTER, NY",ROCHESTER,NY,MONROE
14639,"ROCHESTER, NY",ROCHESTER,NY,MONROE
14642,"ROCHESTER, NY",ROCHESTER,NY,MONROE
14643,"ROCHESTER, NY",ROCHESTER,NY,MONROE
14644,"ROCHESTER, NY",ROCHESTER,NY,MONROE
14646,"ROCHESTER, NY",ROCHESTER,NY,MONROE
14647,"ROCHESTER, NY",ROCHESTER,NY,MONROE
14649,"ROCHESTER, NY",ROCHESTER,NY,MONROE
14650,"ROCHESTER, NY",ROCHESTER,NY,MONROE
14652,"ROCHESTER, NY",ROCHESTER,NY,MONROE
14653,"ROCHESTER, NY",ROCHESTER,NY,MONROE
14692,"ROCHESTER, NY",ROCHESTER,NY,MONROE
14694,"ROCHESTER, NY",ROCHESTER,NY,MONROE
12863,"ROCK CITY FALLS, NY",ROCK CITY FALLS,NY,SARATOGA
12775,"ROCK HILL, NY",ROCK HILL,NY,SULLIVAN
14878,"ROCK STREAM, NY",ROCK STREAM,NY,SCHUYLER
12575,"ROCK TAVERN, NY",ROCK TAVERN,NY,ORANGE
11694,"ROCKAWAY PARK, NY",ROCKAWAY PARK,NY,QUEENS
11570,"ROCKVILLE CENTRE, NY",ROCKVILLE CENTRE,NY,NASSAU
11571,"ROCKVILLE CENTRE, NY",ROCKVILLE CENTRE,NY,NASSAU
11778,"ROCKY POINT, NY",ROCKY POINT,NY,SUFFOLK
13682,"RODMAN, NY",RODMAN,NY,JEFFERSON
13440,"ROME, NY",ROME,NY,ONEIDA
13441,"ROME, NY",ROME,NY,ONEIDA
13442,"ROME, NY",ROME,NY,ONEIDA
13449,"ROME, NY",ROME,NY,ONEIDA
14541,"ROMULUS, NY",ROMULUS,NY,SENECA
11779,"RONKONKOMA, NY",RONKONKOMA,NY,SUFFOLK
11575,"ROOSEVELT, NY",ROOSEVELT,NY,NASSAU
13683,"ROOSEVELTOWN, NY",ROOSEVELTOWN,NY,SAINT LAWRENCE
12776,"ROSCOE, NY",ROSCOE,NY,SULLIVAN
14542,"ROSE, NY",ROSE,NY,WAYNE
13450,"ROSEBOOM, NY",ROSEBOOM,NY,OTSEGO
11422,"ROSEDALE, NY",ROSEDALE,NY,QUEENS
12472,"ROSENDALE, NY",ROSENDALE,NY,ULSTER
11576,"ROSLYN, NY",ROSLYN,NY,NASSAU
11577,"ROSLYN HEIGHTS, NY",ROSLYN HEIGHTS,NY,NASSAU
12150,"ROTTERDAM JUNCTION, NY",ROTTERDAM JUNCTION,NY,SCHENECTADY
12151,"ROUND LAKE, NY",ROUND LAKE,NY,SARATOGA
12473,"ROUND TOP, NY",ROUND TOP,NY,GREENE
12979,"ROUSES POINT, NY",ROUSES POINT,NY,CLINTON
12474,"ROXBURY, NY",ROXBURY,NY,DELAWARE
12475,"RUBY, NY",RUBY,NY,ULSTER
14543,"RUSH, NY",RUSH,NY,MONROE
14777,"RUSHFORD, NY",RUSHFORD,NY,ALLEGANY
14544,"RUSHVILLE, NY",RUSHVILLE,NY,YATES
13684,"RUSSELL, NY",RUSSELL,NY,SAINT LAWRENCE
10580,"RYE, NY",RYE,NY,WESTCHESTER
12864,"SABAEL, NY",SABAEL,NY,HAMILTON
13685,"SACKETS HARBOR, NY",SACKETS HARBOR,NY,JEFFERSON
11963,"SAG HARBOR, NY",SAG HARBOR,NY,SUFFOLK
11962,"SAGAPONACK, NY",SAGAPONACK,NY,SUFFOLK
11412,"SAINT ALBANS, NY",SAINT ALBANS,NY,QUEENS
14778,"SAINT BONAVENTURE, NY",SAINT BONAVENTURE,NY,CATTARAUGUS
11780,"SAINT JAMES, NY",SAINT JAMES,NY,SUFFOLK
13452,"SAINT JOHNSVILLE, NY",SAINT JOHNSVILLE,NY,MONTGOMERY
12980,"SAINT REGIS FALLS, NY",SAINT REGIS FALLS,NY,FRANKLIN
14779,"SALAMANCA, NY",SALAMANCA,NY,CATTARAUGUS
12865,"SALEM, NY",SALEM,NY,WASHINGTON
13454,"SALISBURY CENTER, NY",SALISBURY CENTER,NY,HERKIMER
12577,"SALISBURY MILLS, NY",SALISBURY MILLS,NY,ORANGE
12578,"SALT POINT, NY",SALT POINT,NY,DUTCHESS
14132,"SANBORN, NY",SANBORN,NY,NIAGARA
12153,"SAND LAKE, NY",SAND LAKE,NY,RENSSELAER
14133,"SANDUSKY, NY",SANDUSKY,NY,CATTARAUGUS
13145,"SANDY CREEK, NY",SANDY CREEK,NY,OSWEGO
13455,"SANGERFIELD, NY",SANGERFIELD,NY,ONEIDA
12981,"SARANAC, NY",SARANAC,NY,CLINTON
12983,"SARANAC LAKE, NY",SARANAC LAKE,NY,FRANKLIN
12866,"SARATOGA SPRINGS, NY",SARATOGA SPRINGS,NY,SARATOGA
14134,"SARDINIA, NY",SARDINIA,NY,ERIE
12477,"SAUGERTIES, NY",SAUGERTIES,NY,ULSTER
13456,"SAUQUOIT, NY",SAUQUOIT,NY,ONEIDA
13146,"SAVANNAH, NY",SAVANNAH,NY,WAYNE
14879,"SAVONA, NY",SAVONA,NY,STEUBEN
11782,"SAYVILLE, NY",SAYVILLE,NY,SUFFOLK
10583,"SCARSDALE, NY",SCARSDALE,NY,WESTCHESTER
12154,"SCHAGHTICOKE, NY",SCHAGHTICOKE,NY,RENSSELAER
12301,"SCHENECTADY, NY",SCHENECTADY,NY,SCHENECTADY
12302,"SCHENECTADY, NY",SCHENECTADY,NY,SCHENECTADY
12303,"SCHENECTADY, NY",SCHENECTADY,NY,SCHENECTADY
12304,"SCHENECTADY, NY",SCHENECTADY,NY,SCHENECTADY
12305,"SCHENECTADY, NY",SCHENECTADY,NY,SCHENECTADY
12306,"SCHENECTADY, NY",SCHENECTADY,NY,SCHENECTADY
12307,"SCHENECTADY, NY",SCHENECTADY,NY,SCHENECTADY
12308,"SCHENECTADY, NY",SCHENECTADY,NY,SCHENECTADY
12309,"SCHENECTADY, NY",SCHENECTADY,NY,SCHENECTADY
12325,"SCHENECTADY, NY",SCHENECTADY,NY,SCHENECTADY
12345,"SCHENECTADY, NY",SCHENECTADY,NY,SCHENECTADY
12155,"SCHENEVUS, NY",SCHENEVUS,NY,OTSEGO
12156,"SCHODACK LANDING, NY",SCHODACK LANDING,NY,RENSSELAER
12157,"SCHOHARIE, NY",SCHOHARIE,NY,SCHOHARIE
12870,"SCHROON LAKE, NY",SCHROON LAKE,NY,ESSEX
12985,"SCHUYLER FALLS, NY",SCHUYLER FALLS,NY,CLINTON
13457,"SCHUYLER LAKE, NY",SCHUYLER LAKE,NY,OTSEGO
12871,"SCHUYLERVILLE, NY",SCHUYLERVILLE,NY,SARATOGA
14880,"SCIO, NY",SCIO,NY,ALLEGANY
13147,"SCIPIO CENTER, NY",SCIPIO CENTER,NY,CAYUGA
14545,"SCOTTSBURG, NY",SCOTTSBURG,NY,LIVINGSTON
14546,"SCOTTSVILLE, NY",SCOTTSVILLE,NY,MONROE
11579,"SEA CLIFF, NY",SEA CLIFF,NY,NASSAU
11783,"SEAFORD, NY",SEAFORD,NY,NASSAU
11784,"SELDEN, NY",SELDEN,NY,SUFFOLK
12158,"SELKIRK, NY",SELKIRK,NY,ALBANY
14547,"SENECA CASTLE, NY",SENECA CASTLE,NY,ONTARIO
13148,"SENECA FALLS, NY",SENECA FALLS,NY,SENECA
12872,"SEVERANCE, NY",SEVERANCE,NY,ESSEX
12480,"SHANDAKEN, NY",SHANDAKEN,NY,ULSTER
13459,"SHARON SPRINGS, NY",SHARON SPRINGS,NY,SCHOHARIE
11964,"SHELTER ISLAND, NY",SHELTER ISLAND,NY,SUFFOLK
11965,"SHELTER ISLAND HEIGHTS, NY",SHELTER ISLAND HEIGHTS,NY,SUFFOLK
10587,"SHENOROCK, NY",SHENOROCK,NY,WESTCHESTER
13460,"SHERBURNE, NY",SHERBURNE,NY,CHENANGO
14135,"SHERIDAN, NY",SHERIDAN,NY,CHAUTAUQUA
14781,"SHERMAN, NY",SHERMAN,NY,CHAUTAUQUA
13461,"SHERRILL, NY",SHERRILL,NY,ONEIDA
11967,"SHIRLEY, NY",SHIRLEY,NY,SUFFOLK
12481,"SHOKAN, NY",SHOKAN,NY,ULSTER
11786,"SHOREHAM, NY",SHOREHAM,NY,SUFFOLK
14548,"SHORTSVILLE, NY",SHORTSVILLE,NY,ONTARIO
10588,"SHRUB OAK, NY",SHRUB OAK,NY,WESTCHESTER
12873,"SHUSHAN, NY",SHUSHAN,NY,WASHINGTON
13838,"SIDNEY, NY",SIDNEY,NY,DELAWARE
13839,"SIDNEY CENTER, NY",SIDNEY CENTER,NY,DELAWARE
12874,"SILVER BAY, NY",SILVER BAY,NY,WARREN
14136,"SILVER CREEK, NY",SILVER CREEK,NY,CHAUTAUQUA
14549,"SILVER LAKE, NY",SILVER LAKE,NY,WYOMING
14550,"SILVER SPRINGS, NY",SILVER SPRINGS,NY,WYOMING
14782,"SINCLAIRVILLE, NY",SINCLAIRVILLE,NY,CHAUTAUQUA
13152,"SKANEATELES, NY",SKANEATELES,NY,ONONDAGA
13153,"SKANEATELES FALLS, NY",SKANEATELES FALLS,NY,ONONDAGA
10973,"SLATE HILL, NY",SLATE HILL,NY,ORANGE
14881,"SLATERVILLE SPRINGS, NY",SLATERVILLE SPRINGS,NY,TOMPKINS
12159,"SLINGERLANDS, NY",SLINGERLANDS,NY,ALBANY
12160,"SLOANSVILLE, NY",SLOANSVILLE,NY,SCHOHARIE
10974,"SLOATSBURG, NY",SLOATSBURG,NY,ROCKLAND
12778,"SMALLWOOD, NY",SMALLWOOD,NY,SULLIVAN
13840,"SMITHBORO, NY",SMITHBORO,NY,TIOGA
11787,"SMITHTOWN, NY",SMITHTOWN,NY,SUFFOLK
13841,"SMITHVILLE FLATS, NY",SMITHVILLE FLATS,NY,CHENANGO
13464,"SMYRNA, NY",SMYRNA,NY,CHENANGO
14551,"SODUS, NY",SODUS,NY,WAYNE
14555,"SODUS POINT, NY",SODUS POINT,NY,WAYNE
13465,"SOLSVILLE, NY",SOLSVILLE,NY,MADISON
10589,"SOMERS, NY",SOMERS,NY,WESTCHESTER
14556,"SONYEA, NY",SONYEA,NY,LIVINGSTON
11789,"SOUND BEACH, NY",SOUND BEACH,NY,SUFFOLK
12161,"SOUTH BETHLEHEM, NY",SOUTH BETHLEHEM,NY,ALBANY
13154,"SOUTH BUTLER, NY",SOUTH BUTLER,NY,WAYNE
14557,"SOUTH BYRON, NY",SOUTH BYRON,NY,GENESEE
12482,"SOUTH CAIRO, NY",SOUTH CAIRO,NY,GREENE
13687,"SOUTH COLTON, NY",SOUTH COLTON,NY,SAINT LAWRENCE
14138,"SOUTH DAYTON, NY",SOUTH DAYTON,NY,CATTARAUGUS
12779,"SOUTH FALLSBURG, NY",SOUTH FALLSBURG,NY,SULLIVAN
12803,"SOUTH GLENS FALLS, NY",SOUTH GLENS FALLS,NY,SARATOGA
11970,"SOUTH JAMESPORT, NY",SOUTH JAMESPORT,NY,SUFFOLK
13842,"SOUTH KORTRIGHT, NY",SOUTH KORTRIGHT,NY,DELAWARE
14558,"SOUTH LIMA, NY",SOUTH LIMA,NY,LIVINGSTON
13843,"SOUTH NEW BERLIN, NY",SOUTH NEW BERLIN,NY,CHENANGO
13155,"SOUTH OTSELIC, NY",SOUTH OTSELIC,NY,CHENANGO
11420,"SOUTH OZONE PARK, NY",SOUTH OZONE PARK,NY,QUEENS
13844,"SOUTH PLYMOUTH, NY",SOUTH PLYMOUTH,NY,CHENANGO
11419,"SOUTH RICHMOND HILL, NY",SOUTH RICHMOND HILL,NY,QUEENS
10590,"SOUTH SALEM, NY",SOUTH SALEM,NY,WESTCHESTER
14139,"SOUTH WALES, NY",SOUTH WALES,NY,ERIE
11968,"SOUTHAMPTON, NY",SOUTHAMPTON,NY,SUFFOLK
11969,"SOUTHAMPTON, NY",SOUTHAMPTON,NY,SUFFOLK
10975,"SOUTHFIELDS, NY",SOUTHFIELDS,NY,ORANGE
11971,"SOUTHOLD, NY",SOUTHOLD,NY,SUFFOLK
10976,"SPARKILL, NY",SPARKILL,NY,ROCKLAND
12780,"SPARROW BUSH, NY",SPARROW BUSH,NY,ORANGE
12164,"SPECULATOR, NY",SPECULATOR,NY,HAMILTON
14883,"SPENCER, NY",SPENCER,NY,TIOGA
14559,"SPENCERPORT, NY",SPENCERPORT,NY,MONROE
12165,"SPENCERTOWN, NY",SPENCERTOWN,NY,COLUMBIA
11972,"SPEONK, NY",SPEONK,NY,SUFFOLK
12166,"SPRAKERS, NY",SPRAKERS,NY,MONTGOMERY
14140,"SPRING BROOK, NY",SPRING BROOK,NY,ERIE
12483,"SPRING GLEN, NY",SPRING GLEN,NY,ULSTER
10977,"SPRING VALLEY, NY",SPRING VALLEY,NY,ROCKLAND
13468,"SPRINGFIELD CENTER, NY",SPRINGFIELD CENTER,NY,OTSEGO
11413,"SPRINGFIELD GARDENS, NY",SPRINGFIELD GARDENS,NY,QUEENS
14141,"SPRINGVILLE, NY",SPRINGVILLE,NY,ERIE
14560,"SPRINGWATER, NY",SPRINGWATER,NY,LIVINGSTON
12580,"STAATSBURG, NY",STAATSBURG,NY,DUTCHESS
14143,"STAFFORD, NY",STAFFORD,NY,GENESEE
12167,"STAMFORD, NY",STAMFORD,NY,DELAWARE
12581,"STANFORDVILLE, NY",STANFORDVILLE,NY,DUTCHESS
14561,"STANLEY, NY",STANLEY,NY,ONTARIO
13690,"STAR LAKE, NY",STAR LAKE,NY,SAINT LAWRENCE
10301,"STATEN ISLAND, NY",STATEN ISLAND,NY,RICHMOND
10302,"STATEN ISLAND, NY",STATEN ISLAND,NY,RICHMOND
10303,"STATEN ISLAND, NY",STATEN ISLAND,NY,RICHMOND
10304,"STATEN ISLAND, NY",STATEN ISLAND,NY,RICHMOND
10305,"STATEN ISLAND, NY",STATEN ISLAND,NY,RICHMOND
10306,"STATEN ISLAND, NY",STATEN ISLAND,NY,RICHMOND
10307,"STATEN ISLAND, NY",STATEN ISLAND,NY,RICHMOND
10308,"STATEN ISLAND, NY",STATEN ISLAND,NY,RICHMOND
10309,"STATEN ISLAND, NY",STATEN ISLAND,NY,RICHMOND
10310,"STATEN ISLAND, NY",STATEN ISLAND,NY,RICHMOND
10311,"STATEN ISLAND, NY",STATEN ISLAND,NY,RICHMOND
10312,"STATEN ISLAND, NY",STATEN ISLAND,NY,RICHMOND
10313,"STATEN ISLAND, NY",STATEN ISLAND,NY,RICHMOND
10314,"STATEN ISLAND, NY",STATEN ISLAND,NY,RICHMOND
14783,"STEAMBURG, NY",STEAMBURG,NY,CATTARAUGUS
14144,"STELLA NIAGARA, NY",STELLA NIAGARA,NY,NIAGARA
12168,"STEPHENTOWN, NY",STEPHENTOWN,NY,RENSSELAER
12169,"STEPHENTOWN, NY",STEPHENTOWN,NY,RENSSELAER
13156,"STERLING, NY",STERLING,NY,CAYUGA
10979,"STERLING FOREST, NY",STERLING FOREST,NY,ORANGE
12170,"STILLWATER, NY",STILLWATER,NY,SARATOGA
13469,"STITTVILLE, NY",STITTVILLE,NY,ONEIDA
14784,"STOCKTON, NY",STOCKTON,NY,CHAUTAUQUA
12484,"STONE RIDGE, NY",STONE RIDGE,NY,ULSTER
11790,"STONY BROOK, NY",STONY BROOK,NY,SUFFOLK
11794,"STONY BROOK, NY",STONY BROOK,NY,SUFFOLK
12878,"STONY CREEK, NY",STONY CREEK,NY,WARREN
10980,"STONY POINT, NY",STONY POINT,NY,ROCKLAND
12582,"STORMVILLE, NY",STORMVILLE,NY,DUTCHESS
12172,"STOTTVILLE, NY",STOTTVILLE,NY,COLUMBIA
14785,"STOW, NY",STOW,NY,CHAUTAUQUA
13470,"STRATFORD, NY",STRATFORD,NY,FULTON
14145,"STRYKERSVILLE, NY",STRYKERSVILLE,NY,WYOMING
12173,"STUYVESANT, NY",STUYVESANT,NY,COLUMBIA
12174,"STUYVESANT FALLS, NY",STUYVESANT FALLS,NY,COLUMBIA
10901,"SUFFERN, NY",SUFFERN,NY,ROCKLAND
10981,"SUGAR LOAF, NY",SUGAR LOAF,NY,ORANGE
12175,"SUMMIT, NY",SUMMIT,NY,SCHOHARIE
12781,"SUMMITVILLE, NY",SUMMITVILLE,NY,SULLIVAN
11104,"SUNNYSIDE, NY",SUNNYSIDE,NY,QUEENS
12176,"SURPRISE, NY",SURPRISE,NY,GREENE
14884,"SWAIN, NY",SWAIN,NY,ALLEGANY
12783,"SWAN LAKE, NY",SWAN LAKE,NY,SULLIVAN
13157,"SYLVAN BEACH, NY",SYLVAN BEACH,NY,ONEIDA
11773,"SYOSSET, NY",SYOSSET,NY,NASSAU
11791,"SYOSSET, NY",SYOSSET,NY,NASSAU
13201,"SYRACUSE, NY",SYRACUSE,NY,ONONDAGA
13202,"SYRACUSE, NY",SYRACUSE,NY,ONONDAGA
13203,"SYRACUSE, NY",SYRACUSE,NY,ONONDAGA
13204,"SYRACUSE, NY",SYRACUSE,NY,ONONDAGA
13205,"SYRACUSE, NY",SYRACUSE,NY,ONONDAGA
13206,"SYRACUSE, NY",SYRACUSE,NY,ONONDAGA
13207,"SYRACUSE, NY",SYRACUSE,NY,ONONDAGA
13208,"SYRACUSE, NY",SYRACUSE,NY,ONONDAGA
13209,"SYRACUSE, NY",SYRACUSE,NY,ONONDAGA
13210,"SYRACUSE, NY",SYRACUSE,NY,ONONDAGA
13211,"SYRACUSE, NY",SYRACUSE,NY,ONONDAGA
13212,"SYRACUSE, NY",SYRACUSE,NY,ONONDAGA
13214,"SYRACUSE, NY",SYRACUSE,NY,ONONDAGA
13215,"SYRACUSE, NY",SYRACUSE,NY,ONONDAGA
13217,"SYRACUSE, NY",SYRACUSE,NY,ONONDAGA
13218,"SYRACUSE, NY",SYRACUSE,NY,ONONDAGA
13219,"SYRACUSE, NY",SYRACUSE,NY,ONONDAGA
13220,"SYRACUSE, NY",SYRACUSE,NY,ONONDAGA
13221,"SYRACUSE, NY",SYRACUSE,NY,ONONDAGA
13224,"SYRACUSE, NY",SYRACUSE,NY,ONONDAGA
13244,"SYRACUSE, NY",SYRACUSE,NY,ONONDAGA
13250,"SYRACUSE, NY",SYRACUSE,NY,ONONDAGA
13261,"SYRACUSE, NY",SYRACUSE,NY,ONONDAGA
13290,"SYRACUSE, NY",SYRACUSE,NY,ONONDAGA
13471,"TABERG, NY",TABERG,NY,ONEIDA
10982,"TALLMAN, NY",TALLMAN,NY,ROCKLAND
12485,"TANNERSVILLE, NY",TANNERSVILLE,NY,GREENE
10983,"TAPPAN, NY",TAPPAN,NY,ROCKLAND
10591,"TARRYTOWN, NY",TARRYTOWN,NY,WESTCHESTER
13472,"THENDARA, NY",THENDARA,NY,HERKIMER
13691,"THERESA, NY",THERESA,NY,JEFFERSON
10984,"THIELLS, NY",THIELLS,NY,ROCKLAND
10985,"THOMPSON RIDGE, NY",THOMPSON RIDGE,NY,ORANGE
12784,"THOMPSONVILLE, NY",THOMPSONVILLE,NY,SULLIVAN
10594,"THORNWOOD, NY",THORNWOOD,NY,WESTCHESTER
13692,"THOUSAND ISLAND PARK, NY",THOUSAND ISLAND PARK,NY,JEFFERSON
13693,"THREE MILE BAY, NY",THREE MILE BAY,NY,JEFFERSON
12883,"TICONDEROGA, NY",TICONDEROGA,NY,ESSEX
12486,"TILLSON, NY",TILLSON,NY,ULSTER
13845,"TIOGA CENTER, NY",TIOGA CENTER,NY,TIOGA
12583,"TIVOLI, NY",TIVOLI,NY,DUTCHESS
10986,"TOMKINS COVE, NY",TOMKINS COVE,NY,ROCKLAND
14150,"TONAWANDA, NY",TONAWANDA,NY,ERIE
14151,"TONAWANDA, NY",TONAWANDA,NY,ERIE
13846,"TREADWELL, NY",TREADWELL,NY,DELAWARE
12177,"TRIBES HILL, NY",TRIBES HILL,NY,MONTGOMERY
14885,"TROUPSBURG, NY",TROUPSBURG,NY,STEUBEN
13847,"TROUT CREEK, NY",TROUT CREEK,NY,DELAWARE
12183,"TROY, NY",TROY,NY,ALBANY
12180,"TROY, NY",TROY,NY,RENSSELAER
12181,"TROY, NY",TROY,NY,RENSSELAER
12182,"TROY, NY",TROY,NY,RENSSELAER
14886,"TRUMANSBURG, NY",TRUMANSBURG,NY,TOMPKINS
13158,"TRUXTON, NY",TRUXTON,NY,CORTLAND
10707,"TUCKAHOE, NY",TUCKAHOE,NY,WESTCHESTER
13159,"TULLY, NY",TULLY,NY,ONONDAGA
13848,"TUNNEL, NY",TUNNEL,NY,BROOME
12986,"TUPPER LAKE, NY",TUPPER LAKE,NY,FRANKLIN
13473,"TURIN, NY",TURIN,NY,LEWIS
10987,"TUXEDO PARK, NY",TUXEDO PARK,NY,ORANGE
14887,"TYRONE, NY",TYRONE,NY,SCHUYLER
12487,"ULSTER PARK, NY",ULSTER PARK,NY,ULSTER
13849,"UNADILLA, NY",UNADILLA,NY,OTSEGO
14563,"UNION HILL, NY",UNION HILL,NY,WAYNE
13160,"UNION SPRINGS, NY",UNION SPRINGS,NY,CAYUGA
11553,"UNIONDALE, NY",UNIONDALE,NY,NASSAU
11555,"UNIONDALE, NY",UNIONDALE,NY,NASSAU
11556,"UNIONDALE, NY",UNIONDALE,NY,NASSAU
10988,"UNIONVILLE, NY",UNIONVILLE,NY,ORANGE
12987,"UPPER JAY, NY",UPPER JAY,NY,ESSEX
11973,"UPTON, NY",UPTON,NY,SUFFOLK
13501,"UTICA, NY",UTICA,NY,ONEIDA
13502,"UTICA, NY",UTICA,NY,ONEIDA
13503,"UTICA, NY",UTICA,NY,ONEIDA
13504,"UTICA, NY",UTICA,NY,ONEIDA
12584,"VAILS GATE, NY",VAILS GATE,NY,ORANGE
12184,"VALATIE, NY",VALATIE,NY,COLUMBIA
10595,"VALHALLA, NY",VALHALLA,NY,WESTCHESTER
10989,"VALLEY COTTAGE, NY",VALLEY COTTAGE,NY,ROCKLAND
12185,"VALLEY FALLS, NY",VALLEY FALLS,NY,RENSSELAER
11580,"VALLEY STREAM, NY",VALLEY STREAM,NY,NASSAU
11581,"VALLEY STREAM, NY",VALLEY STREAM,NY,NASSAU
11582,"VALLEY STREAM, NY",VALLEY STREAM,NY,NASSAU
14166,"VAN BUREN POINT, NY",VAN BUREN POINT,NY,CHAUTAUQUA
14889,"VAN ETTEN, NY",VAN ETTEN,NY,CHEMUNG
13475,"VAN HORNESVILLE, NY",VAN HORNESVILLE,NY,HERKIMER
14167,"VARYSBURG, NY",VARYSBURG,NY,WYOMING
12585,"VERBANK, NY",VERBANK,NY,DUTCHESS
12989,"VERMONTVILLE, NY",VERMONTVILLE,NY,FRANKLIN
13476,"VERNON, NY",VERNON,NY,ONEIDA
13477,"VERNON CENTER, NY",VERNON CENTER,NY,ONEIDA
13478,"VERONA, NY",VERONA,NY,ONEIDA
13162,"VERONA BEACH, NY",VERONA BEACH,NY,ONEIDA
10596,"VERPLANCK, NY",VERPLANCK,NY,WESTCHESTER
14168,"VERSAILLES, NY",VERSAILLES,NY,CATTARAUGUS
13850,"VESTAL, NY",VESTAL,NY,BROOME
13851,"VESTAL, NY",VESTAL,NY,BROOME
14564,"VICTOR, NY",VICTOR,NY,ONTARIO
12884,"VICTORY MILLS, NY",VICTORY MILLS,NY,SARATOGA
12186,"VOORHEESVILLE, NY",VOORHEESVILLE,NY,ALBANY
10597,"WACCABUC, NY",WACCABUC,NY,WESTCHESTER
13694,"WADDINGTON, NY",WADDINGTON,NY,SAINT LAWRENCE
11792,"WADING RIVER, NY",WADING RIVER,NY,SUFFOLK
11975,"WAINSCOTT, NY",WAINSCOTT,NY,SUFFOLK
12586,"WALDEN, NY",WALDEN,NY,ORANGE
14169,"WALES CENTER, NY",WALES CENTER,NY,ERIE
12588,"WALKER VALLEY, NY",WALKER VALLEY,NY,ULSTER
12589,"WALLKILL, NY",WALLKILL,NY,ULSTER
13856,"WALTON, NY",WALTON,NY,DELAWARE
14568,"WALWORTH, NY",WALWORTH,NY,WAYNE
13163,"WAMPSVILLE, NY",WAMPSVILLE,NY,MADISON
13695,"WANAKENA, NY",WANAKENA,NY,SAINT LAWRENCE
11793,"WANTAGH, NY",WANTAGH,NY,NASSAU
12590,"WAPPINGERS FALLS, NY",WAPPINGERS FALLS,NY,DUTCHESS
13164,"WARNERS, NY",WARNERS,NY,ONONDAGA
12187,"WARNERVILLE, NY",WARNERVILLE,NY,SCHOHARIE
12885,"WARRENSBURG, NY",WARRENSBURG,NY,WARREN
14569,"WARSAW, NY",WARSAW,NY,WYOMING
10990,"WARWICK, NY",WARWICK,NY,ORANGE
13479,"WASHINGTON MILLS, NY",WASHINGTON MILLS,NY,ONEIDA
10992,"WASHINGTONVILLE, NY",WASHINGTONVILLE,NY,ORANGE
12592,"WASSAIC, NY",WASSAIC,NY,DUTCHESS
11976,"WATER MILL, NY",WATER MILL,NY,SUFFOLK
12188,"WATERFORD, NY",WATERFORD,NY,SARATOGA
13165,"WATERLOO, NY",WATERLOO,NY,SENECA
14571,"WATERPORT, NY",WATERPORT,NY,ORLEANS
13601,"WATERTOWN, NY",WATERTOWN,NY,JEFFERSON
13603,"WATERTOWN, NY",WATERTOWN,NY,JEFFERSON
13480,"WATERVILLE, NY",WATERVILLE,NY,ONEIDA
12189,"WATERVLIET, NY",WATERVLIET,NY,ALBANY
14891,"WATKINS GLEN, NY",WATKINS GLEN,NY,SCHUYLER
14892,"WAVERLY, NY",WAVERLY,NY,TIOGA
12489,"WAWARSING, NY",WAWARSING,NY,ULSTER
14572,"WAYLAND, NY",WAYLAND,NY,STEUBEN
14893,"WAYNE, NY",WAYNE,NY,SCHUYLER
14580,"WEBSTER, NY",WEBSTER,NY,MONROE
13166,"WEEDSPORT, NY",WEEDSPORT,NY,CAYUGA
13640,"WELLESLEY ISLAND, NY",WELLESLEY ISLAND,NY,JEFFERSON
12190,"WELLS, NY",WELLS,NY,HAMILTON
13859,"WELLS BRIDGE, NY",WELLS BRIDGE,NY,OTSEGO
14894,"WELLSBURG, NY",WELLSBURG,NY,CHEMUNG
14895,"WELLSVILLE, NY",WELLSVILLE,NY,ALLEGANY
11704,"WEST BABYLON, NY",WEST BABYLON,NY,SUFFOLK
11707,"WEST BABYLON, NY",WEST BABYLON,NY,SUFFOLK
14585,"WEST BLOOMFIELD, NY",WEST BLOOMFIELD,NY,ONTARIO
13482,"WEST BURLINGTON, NY",WEST BURLINGTON,NY,OTSEGO
12490,"WEST CAMP, NY",WEST CAMP,NY,ULSTER
12992,"WEST CHAZY, NY",WEST CHAZY,NY,CLINTON
14786,"WEST CLARKSVILLE, NY",WEST CLARKSVILLE,NY,ALLEGANY
12192,"WEST COXSACKIE, NY",WEST COXSACKIE,NY,GREENE
13860,"WEST DAVENPORT, NY",WEST DAVENPORT,NY,DELAWARE
13484,"WEST EATON, NY",WEST EATON,NY,MADISON
13485,"WEST EDMESTON, NY",WEST EDMESTON,NY,MADISON
14170,"WEST FALLS, NY",WEST FALLS,NY,ERIE
12194,"WEST FULTON, NY",WEST FULTON,NY,SCHOHARIE
10604,"WEST HARRISON, NY",WEST HARRISON,NY,WESTCHESTER
10993,"WEST HAVERSTRAW, NY",WEST HAVERSTRAW,NY,ROCKLAND
11552,"WEST HEMPSTEAD, NY",WEST HEMPSTEAD,NY,NASSAU
14586,"WEST HENRIETTA, NY",WEST HENRIETTA,NY,MONROE
12491,"WEST HURLEY, NY",WEST HURLEY,NY,ULSTER
11795,"WEST ISLIP, NY",WEST ISLIP,NY,SUFFOLK
12492,"WEST KILL, NY",WEST KILL,NY,GREENE
12195,"WEST LEBANON, NY",WEST LEBANON,NY,COLUMBIA
13489,"WEST LEYDEN, NY",WEST LEYDEN,NY,LEWIS
13167,"WEST MONROE, NY",WEST MONROE,NY,OSWEGO
10994,"WEST NYACK, NY",WEST NYACK,NY,ROCKLAND
13861,"WEST ONEONTA, NY",WEST ONEONTA,NY,OTSEGO
12493,"WEST PARK, NY",WEST PARK,NY,ULSTER
10996,"WEST POINT, NY",WEST POINT,NY,ORANGE
12196,"WEST SAND LAKE, NY",WEST SAND LAKE,NY,RENSSELAER
11796,"WEST SAYVILLE, NY",WEST SAYVILLE,NY,SUFFOLK
12494,"WEST SHOKAN, NY",WEST SHOKAN,NY,ULSTER
13696,"WEST STOCKHOLM, NY",WEST STOCKHOLM,NY,SAINT LAWRENCE
14171,"WEST VALLEY, NY",WEST VALLEY,NY,CATTARAUGUS
13491,"WEST WINFIELD, NY",WEST WINFIELD,NY,HERKIMER
12785,"WESTBROOKVILLE, NY",WESTBROOKVILLE,NY,SULLIVAN
11590,"WESTBURY, NY",WESTBURY,NY,NASSAU
13483,"WESTDALE, NY",WESTDALE,NY,ONEIDA
12193,"WESTERLO, NY",WESTERLO,NY,ALBANY
13486,"WESTERNVILLE, NY",WESTERNVILLE,NY,ONEIDA
14787,"WESTFIELD, NY",WESTFIELD,NY,CHAUTAUQUA
13488,"WESTFORD, NY",WESTFORD,NY,OTSEGO
11977,"WESTHAMPTON, NY",WESTHAMPTON,NY,SUFFOLK
11978,"WESTHAMPTON BEACH, NY",WESTHAMPTON BEACH,NY,SUFFOLK
13490,"WESTMORELAND, NY",WESTMORELAND,NY,ONEIDA
14788,"WESTONS MILLS, NY",WESTONS MILLS,NY,CATTARAUGUS
12993,"WESTPORT, NY",WESTPORT,NY,ESSEX
10998,"WESTTOWN, NY",WESTTOWN,NY,ORANGE
12886,"WEVERTOWN, NY",WEVERTOWN,NY,WARREN
12786,"WHITE LAKE, NY",WHITE LAKE,NY,SULLIVAN
10601,"WHITE PLAINS, NY",WHITE PLAINS,NY,WESTCHESTER
10602,"WHITE PLAINS, NY",WHITE PLAINS,NY,WESTCHESTER
10603,"WHITE PLAINS, NY",WHITE PLAINS,NY,WESTCHESTER
10605,"WHITE PLAINS, NY",WHITE PLAINS,NY,WESTCHESTER
10606,"WHITE PLAINS, NY",WHITE PLAINS,NY,WESTCHESTER
10607,"WHITE PLAINS, NY",WHITE PLAINS,NY,WESTCHESTER
10610,"WHITE PLAINS, NY",WHITE PLAINS,NY,WESTCHESTER
12787,"WHITE SULPHUR SPRINGS, NY",WHITE SULPHUR SPRINGS,NY,SULLIVAN
12887,"WHITEHALL, NY",WHITEHALL,NY,WASHINGTON
13492,"WHITESBORO, NY",WHITESBORO,NY,ONEIDA
11357,"WHITESTONE, NY",WHITESTONE,NY,QUEENS
14897,"WHITESVILLE, NY",WHITESVILLE,NY,ALLEGANY
13862,"WHITNEY POINT, NY",WHITNEY POINT,NY,BROOME
14588,"WILLARD, NY",WILLARD,NY,SENECA
13863,"WILLET, NY",WILLET,NY,CORTLAND
14589,"WILLIAMSON, NY",WILLIAMSON,NY,WAYNE
13493,"WILLIAMSTOWN, NY",WILLIAMSTOWN,NY,OSWEGO
11596,"WILLISTON PARK, NY",WILLISTON PARK,NY,NASSAU
12495,"WILLOW, NY",WILLOW,NY,ULSTER
12996,"WILLSBORO, NY",WILLSBORO,NY,ESSEX
13864,"WILLSEYVILLE, NY",WILLSEYVILLE,NY,TIOGA
12997,"WILMINGTON, NY",WILMINGTON,NY,ESSEX
14172,"WILSON, NY",WILSON,NY,NIAGARA
12496,"WINDHAM, NY",WINDHAM,NY,GREENE
13865,"WINDSOR, NY",WINDSOR,NY,BROOME
12594,"WINGDALE, NY",WINGDALE,NY,DUTCHESS
13697,"WINTHROP, NY",WINTHROP,NY,SAINT LAWRENCE
12998,"WITHERBEE, NY",WITHERBEE,NY,ESSEX
14590,"WOLCOTT, NY",WOLCOTT,NY,WAYNE
12788,"WOODBOURNE, NY",WOODBOURNE,NY,SULLIVAN
11797,"WOODBURY, NY",WOODBURY,NY,NASSAU
13494,"WOODGATE, NY",WOODGATE,NY,ONEIDA
11421,"WOODHAVEN, NY",WOODHAVEN,NY,QUEENS
14898,"WOODHULL, NY",WOODHULL,NY,STEUBEN
11598,"WOODMERE, NY",WOODMERE,NY,NASSAU
12789,"WOODRIDGE, NY",WOODRIDGE,NY,SULLIVAN
11377,"WOODSIDE, NY",WOODSIDE,NY,QUEENS
12498,"WOODSTOCK, NY",WOODSTOCK,NY,ULSTER
12197,"WORCESTER, NY",WORCESTER,NY,OTSEGO
12790,"WURTSBORO, NY",WURTSBORO,NY,SULLIVAN
11798,"WYANDANCH, NY",WYANDANCH,NY,SUFFOLK
12198,"WYNANTSKILL, NY",WYNANTSKILL,NY,RENSSELAER
14591,"WYOMING, NY",WYOMING,NY,WYOMING
11980,"YAPHANK, NY",YAPHANK,NY,SUFFOLK
10701,"YONKERS, NY",YONKERS,NY,WESTCHESTER
10702,"YONKERS, NY",YONKERS,NY,WESTCHESTER
10703,"YONKERS, NY",YONKERS,NY,WESTCHESTER
10704,"YONKERS, NY",YONKERS,NY,WESTCHESTER
10705,"YONKERS, NY",YONKERS,NY,WESTCHESTER
10710,"YONKERS, NY",YONKERS,NY,WESTCHESTER
14592,"YORK, NY",YORK,NY,LIVINGSTON
14173,"YORKSHIRE, NY",YORKSHIRE,NY,CATTARAUGUS
10598,"YORKTOWN HEIGHTS, NY",YORKTOWN HEIGHTS,NY,WESTCHESTER
13495,"YORKVILLE, NY",YORKVILLE,NY,ONEIDA
14174,"YOUNGSTOWN, NY",YOUNGSTOWN,NY,NIAGARA
12791,"YOUNGSVILLE, NY",YOUNGSVILLE,NY,SULLIVAN
12792,"YULAN, NY",YULAN,NY,SULLIVAN
